,Stadium,Team1,Team2,Won,Year
0,DY Patil Stadium ,Chennai Super Kings,Rajasthan Royals,RR   ,2008
1,Wankhede Stadium ,Chennai Super Kings,Punjab Kings,CSK   ,2008
2,Wankhede Stadium ,Delhi Daredevils,Rajasthan Royals,RR   ,2008
3,IS Bindra Stadium ,Punjab Kings,Rajasthan Royals,PBKS   ,2008
4,M. Chinnaswamy Stadium ,Royal Challengers Bangalore,Mumbai Indians,MI   ,2008
5,Rajiv Gandhi Intl. Cricket Stadium ,Deccan Chargers,Chennai Super Kings,CSK   ,2008
6,Sawai Mansingh Stadium ,Rajasthan Royals,Mumbai Indians,RR   ,2008
7,Eden Gardens ,Kolkata Knight Riders,Punjab Kings,KKR   ,2008
8,Rajiv Gandhi Intl. Cricket Stadium ,Deccan Chargers,Royal Challengers Bangalore,RCB   ,2008
9,Arun Jaitley Stadium ,Delhi Daredevils,Mumbai Indians,DC   ,2008
10,M. A. Chidambaram Stadium ,Chennai Super Kings,Rajasthan Royals,RR   ,2008
11,IS Bindra Stadium ,Punjab Kings,Deccan Chargers,PBKS   ,2008
12,Arun Jaitley Stadium ,Delhi Daredevils,Kolkata Knight Riders,No Result,2008
13,M. A. Chidambaram Stadium ,Chennai Super Kings,Royal Challengers Bangalore,RCB   ,2008
14,Wankhede Stadium ,Mumbai Indians,Punjab Kings,PBKS   ,2008
15,Eden Gardens ,Kolkata Knight Riders,Rajasthan Royals,RR   ,2008
16,M. Chinnaswamy Stadium ,Royal Challengers Bangalore,Delhi Daredevils,DC   ,2008
17,Rajiv Gandhi Intl. Cricket Stadium ,Deccan Chargers,Mumbai Indians,MI   ,2008
18,Eden Gardens ,Kolkata Knight Riders,Chennai Super Kings,CSK   ,2008
19,Arun Jaitley Stadium ,Delhi Daredevils,Punjab Kings,PBKS   ,2008
20,Sawai Mansingh Stadium ,Rajasthan Royals,Royal Challengers Bangalore,RR   ,2008
21,Wankhede Stadium ,Mumbai Indians,Kolkata Knight Riders,MI   ,2008
22,Arun Jaitley Stadium ,Delhi Daredevils,Deccan Chargers,DC   ,2008
23,Wankhede Stadium ,Mumbai Indians,Chennai Super Kings,MI   ,2008
24,Eden Gardens ,Kolkata Knight Riders,Delhi Daredevils,KKR   ,2008
25,IS Bindra Stadium ,Punjab Kings,Royal Challengers Bangalore,PBKS   ,2008
26,Sawai Mansingh Stadium ,Rajasthan Royals,Delhi Daredevils,RR   ,2008
27,Rajiv Gandhi Intl. Cricket Stadium ,Deccan Chargers,Kolkata Knight Riders,KKR   ,2008
28,M. A. Chidambaram Stadium ,Chennai Super Kings,Punjab Kings,CSK   ,2008
29,Sawai Mansingh Stadium ,Rajasthan Royals,Deccan Chargers,RR   ,2008
30,Eden Gardens ,Kolkata Knight Riders,Royal Challengers Bangalore,KKR   ,2008
31,Arun Jaitley Stadium ,Delhi Daredevils,Chennai Super Kings,CSK   ,2008
32,DY Patil Stadium ,Mumbai Indians,Rajasthan Royals,MI   ,2008
33,M. A. Chidambaram Stadium ,Chennai Super Kings,Deccan Chargers,SRH   ,2008
34,M. Chinnaswamy Stadium ,Royal Challengers Bangalore,Punjab Kings,PBKS   ,2008
35,Sawai Mansingh Stadium ,Rajasthan Royals,Chennai Super Kings,RR   ,2008
36,DY Patil Stadium ,Mumbai Indians,Delhi Daredevils,MI   ,2008
37,IS Bindra Stadium ,Punjab Kings,Kolkata Knight Riders,PBKS   ,2008
38,M. Chinnaswamy Stadium ,Royal Challengers Bangalore,Deccan Chargers,RCB   ,2008
39,M. A. Chidambaram Stadium ,Chennai Super Kings,Delhi Daredevils,DC   ,2008
40,Rajiv Gandhi Intl. Cricket Stadium ,Deccan Chargers,Punjab Kings,PBKS   ,2008
41,Sawai Mansingh Stadium ,Rajasthan Royals,Kolkata Knight Riders,RR   ,2008
42,Arun Jaitley Stadium ,Delhi Daredevils,Royal Challengers Bangalore,DC   ,2008
43,Eden Gardens ,Kolkata Knight Riders,Mumbai Indians,MI   ,2008
44,M. Chinnaswamy Stadium ,Royal Challengers Bangalore,Chennai Super Kings,CSK   ,2008
45,DY Patil Stadium ,Mumbai Indians,Deccan Chargers,SRH   ,2008
46,IS Bindra Stadium ,Punjab Kings,Delhi Daredevils,PBKS   ,2008
47,M. Chinnaswamy Stadium ,Royal Challengers Bangalore,Rajasthan Royals,RR   ,2008
48,M. A. Chidambaram Stadium ,Chennai Super Kings,Kolkata Knight Riders,CSK   ,2008
49,IS Bindra Stadium ,Punjab Kings,Mumbai Indians,PBKS   ,2008
50,Rajiv Gandhi Intl. Cricket Stadium ,Deccan Chargers,Rajasthan Royals,RR   ,2008
51,M. A. Chidambaram Stadium ,Chennai Super Kings,Mumbai Indians,CSK   ,2008
52,Rajiv Gandhi Intl. Cricket Stadium ,Deccan Chargers,Delhi Daredevils,DC   ,2008
53,Sawai Mansingh Stadium ,Rajasthan Royals,Punjab Kings,RR   ,2008
54,Wankhede Stadium ,Mumbai Indians,Royal Challengers Bangalore,RCB   ,2008
55,Eden Gardens ,Kolkata Knight Riders,Deccan Chargers,KKR   ,2008
56,Arun Jaitley Stadium ,Delhi Daredevils,Rajasthan Royals,DC   ,2008
57,IS Bindra Stadium ,Punjab Kings,Chennai Super Kings,CSK   ,2008
58,M. Chinnaswamy Stadium ,Royal Challengers Bangalore,Kolkata Knight Riders,KKR   ,2008
59,New Wanderers Stadium ,Royal Challengers Bangalore,Deccan Chargers,SRH   ,2009
60,New Wanderers Stadium ,Royal Challengers Bangalore,Chennai Super Kings,RCB   ,2009
61,SuperSport Park ,Delhi Daredevils,Deccan Chargers,SRH   ,2009
62,SuperSport Park ,Royal Challengers Bangalore,Deccan Chargers,RCB   ,2009
63,SuperSport Park ,Delhi Daredevils,Mumbai Indians,DC   ,2009
64,Kingsmead ,Chennai Super Kings,Punjab Kings,CSK   ,2009
65,Kingsmead ,Kolkata Knight Riders,Rajasthan Royals,KKR   ,2009
66,New Wanderers Stadium ,Royal Challengers Bangalore,Delhi Daredevils,RCB   ,2009
67,SuperSport Park ,Chennai Super Kings,Kolkata Knight Riders,KKR   ,2009
68,OUTsurance Oval ,Delhi Daredevils,Rajasthan Royals,DC   ,2009
69,New Wanderers Stadium ,Deccan Chargers,Punjab Kings,PBKS   ,2009
70,New Wanderers Stadium ,Deccan Chargers,Kolkata Knight Riders,SRH   ,2009
71,OUTsurance Oval ,Chennai Super Kings,Mumbai Indians,CSK   ,2009
72,Kingsmead ,Delhi Daredevils,Punjab Kings,PBKS   ,2009
73,Kingsmead ,Mumbai Indians,Rajasthan Royals,RR   ,2009
74,Kingsmead ,Royal Challengers Bangalore,Chennai Super Kings,RCB   ,2009
75,SuperSport Park ,Deccan Chargers,Delhi Daredevils,DC   ,2009
76,SuperSport Park ,Punjab Kings,Mumbai Indians,MI   ,2009
77,De Beers Diamond Oval ,Royal Challengers Bangalore,Kolkata Knight Riders,RCB   ,2009
78,New Wanderers Stadium ,Deccan Chargers,Rajasthan Royals,SRH   ,2009
79,De Beers Diamond Oval ,Delhi Daredevils,Kolkata Knight Riders,DC   ,2009
80,De Beers Diamond Oval ,Royal Challengers Bangalore,Mumbai Indians,MI   ,2009
81,Buffalo Park ,Chennai Super Kings,Rajasthan Royals,CSK   ,2009
82,SuperSport Park ,Deccan Chargers,Punjab Kings,PBKS   ,2009
83,SuperSport Park ,Delhi Daredevils,Mumbai Indians,DC   ,2009
84,SuperSport Park ,Chennai Super Kings,Punjab Kings,CSK   ,2009
85,Kingsmead ,Royal Challengers Bangalore,Rajasthan Royals,RR   ,2009
86,Kingsmead ,Deccan Chargers,Mumbai Indians,SRH   ,2009
87,Buffalo Park ,Delhi Daredevils,Kolkata Knight Riders,DC   ,2009
88,New Wanderers Stadium ,Punjab Kings,Rajasthan Royals,RR   ,2009
89,New Wanderers Stadium ,Chennai Super Kings,Deccan Chargers,CSK   ,2009
90,Kingsmead ,Royal Challengers Bangalore,Mumbai Indians,RCB   ,2009
91,Buffalo Park ,Punjab Kings,Kolkata Knight Riders,PBKS   ,2009
92,SuperSport Park ,Chennai Super Kings,Delhi Daredevils,CSK   ,2009
93,SuperSport Park ,Deccan Chargers,Rajasthan Royals,RR   ,2009
94,Kingsmead ,Royal Challengers Bangalore,Punjab Kings,RCB   ,2009
95,Kingsmead ,Kolkata Knight Riders,Mumbai Indians,MI   ,2009
96,SuperSport Park ,Chennai Super Kings,Rajasthan Royals,CSK   ,2009
97,Kingsmead ,Deccan Chargers,Delhi Daredevils,DC   ,2009
98,Newlands ,Punjab Kings,Mumbai Indians,PBKS   ,2009
99,Newlands ,Royal Challengers Bangalore,Kolkata Knight Riders,RCB   ,2009
100,Kingsmead ,Delhi Daredevils,Rajasthan Royals,RR   ,2009
101,Kingsmead ,Kolkata Knight Riders,Mumbai Indians,MI   ,2009
102,Newlands ,Chennai Super Kings,Deccan Chargers,SRH   ,2009
103,Kingsmead ,Punjab Kings,Rajasthan Royals,PBKS   ,2009
104,Newlands ,Royal Challengers Bangalore,Delhi Daredevils,DC   ,2009
105,Kingsmead ,Chennai Super Kings,Kolkata Knight Riders,No Result,2009
106,Kingsmead ,Deccan Chargers,Mumbai Indians,SRH   ,2009
107,Newlands ,Royal Challengers Bangalore,Punjab Kings,PBKS   ,2009
108,Newlands ,Kolkata Knight Riders,Rajasthan Royals,RR,2009
109,Newlands ,Chennai Super Kings,Delhi Daredevils,DC   ,2009
110,Newlands ,Royal Challengers Bangalore,Deccan Chargers,SRH   ,2009
111,Other,Mumbai Indians,Rajasthan Royals,No Result,2009
112,Other,Punjab Kings,Kolkata Knight Riders,KKR   ,2009
113,Other,Royal Challengers Bangalore,Chennai Super Kings,CSK   ,2009
114,Other,Deccan Chargers,Kolkata Knight Riders,SRH   ,2009
115,Other,Delhi Daredevils,Punjab Kings,DD   ,2009
116,Other,Royal Challengers Bangalore,Rajasthan Royals,RCB   ,2009
117,Other,Chennai Super Kings,Mumbai Indians,MI   ,2009
118,DY Patil Stadium ,Chennai Super Kings,Mumbai Indians,CSK   ,2010
119,DY Patil Stadium ,Royal Challengers Bangalore,Deccan Chargers,RCB   ,2010
120,DY Patil Stadium ,Chennai Super Kings,Deccan Chargers,CSK   ,2010
121,DY Patil Stadium ,Royal Challengers Bangalore,Mumbai Indians,MI   ,2010
122,Eden Gardens ,Kolkata Knight Riders,Mumbai Indians,KKR   ,2010
123,Arun Jaitley Stadium ,Delhi Daredevils,Deccan Chargers,SRH   ,2010
124,HPCA Stadium ,Punjab Kings,Chennai Super Kings,CSK   ,2010
125,Eden Gardens ,Kolkata Knight Riders,Rajasthan Royals,KKR   ,2010
126,M. Chinnaswamy Stadium ,Royal Challengers Bangalore,Mumbai Indians,MI   ,2010
127,HPCA Stadium ,Punjab Kings,Deccan Chargers,SRH   ,2010
128,M. A. Chidambaram Stadium ,Chennai Super Kings,Delhi Daredevils,DC   ,2010
129,Sawai Mansingh Stadium ,Rajasthan Royals,Royal Challengers Bangalore,RCB   ,2010
130,M. A. Chidambaram Stadium ,Chennai Super Kings,Kolkata Knight Riders,CSK   ,2010
131,Brabourne Stadium ,Mumbai Indians,Delhi Daredevils,MI   ,2010
132,Vidarbha Cricket Association Stadium ,Deccan Chargers,Royal Challengers Bangalore,SRH   ,2010
133,Sawai Mansingh Stadium ,Rajasthan Royals,Mumbai Indians,MI   ,2010
134,Arun Jaitley Stadium ,Delhi Daredevils,Punjab Kings,PBKS   ,2010
135,M. Chinnaswamy Stadium ,Royal Challengers Bangalore,Kolkata Knight Riders,RCB   ,2010
136,Vidarbha Cricket Association Stadium ,Deccan Chargers,Chennai Super Kings,SRH   ,2010
137,IS Bindra Stadium ,Punjab Kings,Mumbai Indians,PBKS   ,2010
138,M. Chinnaswamy Stadium ,Royal Challengers Bangalore,Deccan Chargers,SRH   ,2010
139,Eden Gardens ,Kolkata Knight Riders,Delhi Daredevils,KKR   ,2010
140,Sawai Mansingh Stadium ,Rajasthan Royals,Punjab Kings,RR   ,2010
141,M. A. Chidambaram Stadium ,Chennai Super Kings,Mumbai Indians,CSK   ,2010
142,Vidarbha Cricket Association Stadium ,Deccan Chargers,Rajasthan Royals,RR   ,2010
143,Arun Jaitley Stadium ,Delhi Daredevils,Royal Challengers Bangalore,DC   ,2010
144,Eden Gardens ,Kolkata Knight Riders,Punjab Kings,PBKS   ,2010
145,Brabourne Stadium ,Mumbai Indians,Deccan Chargers,MI   ,2010
146,M. A. Chidambaram Stadium ,Chennai Super Kings,Rajasthan Royals,CSK   ,2010
147,IS Bindra Stadium ,Punjab Kings,Royal Challengers Bangalore,RCB   ,2010
148,Eden Gardens ,Kolkata Knight Riders,Deccan Chargers,KKR   ,2010
149,Arun Jaitley Stadium ,Delhi Daredevils,Rajasthan Royals,DC   ,2010
150,M. A. Chidambaram Stadium ,Chennai Super Kings,Royal Challengers Bangalore,CSK   ,2010
151,Brabourne Stadium ,Mumbai Indians,Punjab Kings,MI   ,2010
152,Arun Jaitley Stadium ,Delhi Daredevils,Kolkata Knight Riders,DC   ,2010
153,DY Patil Stadium ,Deccan Chargers,Mumbai Indians,MI   ,2010
154,Narendra Modi Stadium ,Rajasthan Royals,Chennai Super Kings,RR   ,2010
155,IS Bindra Stadium ,Punjab Kings,Kolkata Knight Riders,KKR   ,2010
156,Narendra Modi Stadium ,Rajasthan Royals,Deccan Chargers,RR   ,2010
157,Brabourne Stadium ,Mumbai Indians,Chennai Super Kings,MI   ,2010
158,M. Chinnaswamy Stadium ,Royal Challengers Bangalore,Delhi Daredevils,DC   ,2010
159,IS Bindra Stadium ,Punjab Kings,Rajasthan Royals,RR   ,2010
160,M. Chinnaswamy Stadium ,Royal Challengers Bangalore,Chennai Super Kings,RCB   ,2010
161,Brabourne Stadium ,Mumbai Indians,Kolkata Knight Riders,MI   ,2010
162,M. A. Chidambaram Stadium ,Chennai Super Kings,Punjab Kings,PBKS ,2010
163,Barabati Stadium ,Deccan Chargers,Delhi Daredevils,SRH   ,2010
164,Brabourne Stadium ,Mumbai Indians,Royal Challengers Bangalore,RCB   ,2010
165,Narendra Modi Stadium ,Rajasthan Royals,Kolkata Knight Riders,RR   ,2010
166,Barabati Stadium ,Deccan Chargers,Punjab Kings,SRH   ,2010
167,Arun Jaitley Stadium ,Delhi Daredevils,Chennai Super Kings,CSK   ,2010
168,M. Chinnaswamy Stadium ,Royal Challengers Bangalore,Rajasthan Royals,RCB   ,2010
169,Arun Jaitley Stadium ,Delhi Daredevils,Mumbai Indians,MI   ,2010
170,Eden Gardens ,Kolkata Knight Riders,Chennai Super Kings,CSK   ,2010
171,M. Chinnaswamy Stadium ,Royal Challengers Bangalore,Punjab Kings,RCB   ,2010
172,Narendra Modi Stadium ,Rajasthan Royals,Delhi Daredevils,DC   ,2010
173,M. A. Chidambaram Stadium ,Chennai Super Kings,Deccan Chargers,SRH   ,2010
174,Eden Gardens ,Kolkata Knight Riders,Royal Challengers Bangalore,KKR   ,2010
175,IS Bindra Stadium ,Punjab Kings,Delhi Daredevils,DC   ,2010
176,Brabourne Stadium ,Mumbai Indians,Rajasthan Royals,MI   ,2010
177,DY Patil Stadium ,Deccan Chargers,Kolkata Knight Riders,KKR   ,2010
178,M. A. Chidambaram Stadium ,Chennai Super Kings,Royal Challengers Bangalore,CSK   ,2011
179,M. A. Chidambaram Stadium ,Royal Challengers Bangalore,Mumbai Indians,RCB   ,2011
180,Wankhede Stadium ,Kolkata Knight Riders,Mumbai Indians,MI   ,2011
181,Wankhede Stadium ,Royal Challengers Bangalore,Chennai Super Kings,CSK   ,2011
182,Eden Gardens ,Kolkata Knight Riders,Mumbai Indians,MI   ,2011
183,M. Chinnaswamy Stadium ,Royal Challengers Bangalore,Chennai Super Kings,RCB   ,2011
184,Arun Jaitley Stadium ,Delhi Daredevils,Pune Warriors India,No Result,2011
185,HPCA Stadium ,Punjab Kings,Deccan Chargers,SRH   ,2011
186,Wankhede Stadium ,Mumbai Indians,Rajasthan Royals,RR   ,2011
187,DY Patil Stadium ,Pune Warriors India,Kolkata Knight Riders,KKR   ,2011
188,M. A. Chidambaram Stadium ,Chennai Super Kings,Kochi Tuskers Kerala,CSK   ,2011
189,HPCA Stadium ,Punjab Kings,Royal Challengers Bangalore,PBKS   ,2011
190,DY Patil Stadium ,Pune Warriors India,Deccan Chargers,SRH   ,2011
191,Holkar Cricket Stadium ,Kochi Tuskers Kerala,Rajasthan Royals,KTK   ,2011
192,HPCA Stadium ,Punjab Kings,Delhi Daredevils,PBKS   ,2011
193,Wankhede Stadium ,Mumbai Indians,Deccan Chargers,SRH   ,2011
194,M. Chinnaswamy Stadium ,Royal Challengers Bangalore,Kolkata Knight Riders,RCB   ,2011
195,Holkar Cricket Stadium ,Kochi Tuskers Kerala,Punjab Kings,PBKS   ,2011
196,M. A. Chidambaram Stadium ,Chennai Super Kings,Delhi Daredevils,CSK   ,2011
197,Sawai Mansingh Stadium ,Rajasthan Royals,Royal Challengers Bangalore,RCB   ,2011
198,IS Bindra Stadium ,Punjab Kings,Mumbai Indians,PBKS   ,2011
199,Rajiv Gandhi Intl. Cricket Stadium ,Deccan Chargers,Pune Warriors India,PW   ,2011
200,Sawai Mansingh Stadium ,Rajasthan Royals,Chennai Super Kings,CSK   ,2011
201,IS Bindra Stadium ,Punjab Kings,Pune Warriors India,PW   ,2011
202,M. Chinnaswamy Stadium ,Royal Challengers Bangalore,Kochi Tuskers Kerala,RCB   ,2011
203,Wankhede Stadium ,Mumbai Indians,Delhi Daredevils,MI   ,2011
204,Eden Gardens ,Kolkata Knight Riders,Chennai Super Kings,KKR   ,2011
205,M. Chinnaswamy Stadium ,Royal Challengers Bangalore,Punjab Kings,RCB   ,2011
206,Rajiv Gandhi Intl. Cricket Stadium ,Deccan Chargers,Delhi Daredevils,DC   ,2011
207,Jawaharlal Nehru Stadium ,Kochi Tuskers Kerala,Kolkata Knight Riders,KTK   ,2011
208,DY Patil Stadium ,Pune Warriors India,Mumbai Indians,MI   ,2011
209,M. A. Chidambaram Stadium ,Chennai Super Kings,Rajasthan Royals,CSK   ,2011
210,Rajiv Gandhi Intl. Cricket Stadium ,Deccan Chargers,Kolkata Knight Riders,KKR   ,2011
211,Arun Jaitley Stadium ,Delhi Daredevils,Kochi Tuskers Kerala,KTK   ,2011
212,Wankhede Stadium ,Mumbai Indians,Punjab Kings,MI   ,2011
213,M. A. Chidambaram Stadium ,Chennai Super Kings,Deccan Chargers,CSK   ,2011
214,Sawai Mansingh Stadium ,Rajasthan Royals,Pune Warriors India,RR   ,2011
215,Eden Gardens ,Kolkata Knight Riders,Punjab Kings,KKR   ,2011
216,Jawaharlal Nehru Stadium ,Kochi Tuskers Kerala,Delhi Daredevils,DC   ,2011
217,M. Chinnaswamy Stadium ,Royal Challengers Bangalore,Pune Warriors India,RCB   ,2011
218,Sawai Mansingh Stadium ,Rajasthan Royals,Mumbai Indians,RR   ,2011
219,Arun Jaitley Stadium ,Delhi Daredevils,Kolkata Knight Riders,KKR   ,2011
220,Jawaharlal Nehru Stadium ,Kochi Tuskers Kerala,Deccan Chargers,SRH   ,2011
221,DY Patil Stadium ,Pune Warriors India,Chennai Super Kings,CSK   ,2011
222,Arun Jaitley Stadium ,Delhi Daredevils,Royal Challengers Bangalore,RCB   ,2011
223,M. A. Chidambaram Stadium ,Chennai Super Kings,Pune Warriors India,CSK   ,2011
224,Sawai Mansingh Stadium ,Rajasthan Royals,Kochi Tuskers Kerala,RR   ,2011
225,Rajiv Gandhi Intl. Cricket Stadium ,Deccan Chargers,Mumbai Indians,MI   ,2011
226,Arun Jaitley Stadium ,Delhi Daredevils,Punjab Kings,DC   ,2011
227,Wankhede Stadium ,Mumbai Indians,Chennai Super Kings,MI   ,2011
228,Eden Gardens ,Kolkata Knight Riders,Royal Challengers Bangalore,RCB   ,2011
229,IS Bindra Stadium ,Punjab Kings,Rajasthan Royals,PBKS   ,2011
230,Eden Gardens ,Kolkata Knight Riders,Kochi Tuskers Kerala,KTK   ,2011
231,Wankhede Stadium ,Mumbai Indians,Pune Warriors India,MI   ,2011
232,M. Chinnaswamy Stadium ,Royal Challengers Bangalore,Rajasthan Royals,No Result,2011
233,Arun Jaitley Stadium ,Delhi Daredevils,Deccan Chargers,SRH   ,2011
234,Jawaharlal Nehru Stadium ,Kochi Tuskers Kerala,Chennai Super Kings,KTK   ,2011
235,Eden Gardens ,Kolkata Knight Riders,Rajasthan Royals,KKR   ,2011
236,DY Patil Stadium ,Pune Warriors India,Delhi Daredevils,DC   ,2011
237,Rajiv Gandhi Intl. Cricket Stadium ,Deccan Chargers,Punjab Kings,PBKS   ,2011
238,M. A. Chidambaram Stadium ,Chennai Super Kings,Royal Challengers Bangalore,CSK   ,2011
239,Wankhede Stadium ,Mumbai Indians,Kochi Tuskers Kerala,KTK   ,2011
240,Sawai Mansingh Stadium ,Rajasthan Royals,Kolkata Knight Riders,KKR   ,2011
241,Rajiv Gandhi Intl. Cricket Stadium ,Deccan Chargers,Royal Challengers Bangalore,SRH   ,2011
242,DY Patil Stadium ,Pune Warriors India,Kochi Tuskers Kerala,PW   ,2011
243,IS Bindra Stadium ,Punjab Kings,Chennai Super Kings,PBKS   ,2011
244,M. Chinnaswamy Stadium ,Royal Challengers Bangalore,Mumbai Indians,MI   ,2011
245,Sawai Mansingh Stadium ,Rajasthan Royals,Delhi Daredevils,RR   ,2011
246,Eden Gardens ,Kolkata Knight Riders,Deccan Chargers,KKR   ,2011
247,DY Patil Stadium ,Pune Warriors India,Punjab Kings,PW   ,2011
248,Arun Jaitley Stadium ,Delhi Daredevils,Mumbai Indians,MI   ,2011
249,Jawaharlal Nehru Stadium ,Kochi Tuskers Kerala,Royal Challengers Bangalore,RCB   ,2011
250,Rajiv Gandhi Intl. Cricket Stadium ,Deccan Chargers,Rajasthan Royals,RR   ,2011
251,M. A. Chidambaram Stadium ,Chennai Super Kings,Kolkata Knight Riders,CSK   ,2011
252,M. A. Chidambaram Stadium ,Kolkata Knight Riders,Chennai Super Kings,KKR   ,2012
253,M. A. Chidambaram Stadium ,Chennai Super Kings,Delhi Daredevils,CSK   ,2012
254,M. Chinnaswamy Stadium ,Mumbai Indians,Chennai Super Kings,CSK   ,2012
255,Sawai Mansingh Stadium ,Delhi Daredevils,Kolkata Knight Riders,KKR   ,2012
256,Rajiv Gandhi Intl. Cricket Stadium ,Rajasthan Royals,Mumbai Indians,MI   ,2012
257,HPCA Stadium ,Deccan Chargers,Royal Challengers Bangalore,SRH   ,2012
258,Rajiv Gandhi Intl. Cricket Stadium ,Pune Warriors India,Kolkata Knight Riders,KKR   ,2012
259,Arun Jaitley Stadium ,Punjab Kings,Delhi Daredevils,DC   ,2012
260,HPCA Stadium ,Deccan Chargers,Rajasthan Royals,SRH   ,2012
261,Wankhede Stadium ,Delhi Daredevils,Royal Challengers Bangalore,RCB   ,2012
262,Arun Jaitley Stadium ,Punjab Kings,Chennai Super Kings,PBKS   ,2012
263,Eden Gardens ,Mumbai Indians,Kolkata Knight Riders,KKR   ,2012
264,M. Chinnaswamy Stadium ,Delhi Daredevils,Punjab Kings,DC   ,2012
265,IS Bindra Stadium ,Kolkata Knight Riders,Chennai Super Kings,CSK   ,2012
266,Sawai Mansingh Stadium ,Royal Challengers Bangalore,Mumbai Indians,MI   ,2012
267,M. A. Chidambaram Stadium ,Punjab Kings,Deccan Chargers,PBKS   ,2012
268,Eden Gardens ,Rajasthan Royals,Pune Warriors India,RR   ,2012
269,Sawai Mansingh Stadium ,Chennai Super Kings,Delhi Daredevils,CSK   ,2012
270,Rajiv Gandhi Intl. Cricket Stadium ,Kolkata Knight Riders,Mumbai Indians,MI   ,2012
271,Wankhede Stadium ,Pune Warriors India,Royal Challengers Bangalore,RCB   ,2012
272,Rajiv Gandhi Intl. Cricket Stadium ,Rajasthan Royals,Chennai Super Kings,CSK   ,2012
273,Arun Jaitley Stadium ,Deccan Chargers,Delhi Daredevils,DC   ,2012
274,M. Chinnaswamy Stadium ,Mumbai Indians,Royal Challengers Bangalore,RCB   ,2012
275,Wankhede Stadium ,Deccan Chargers,Punjab Kings,PBKS   ,2012
276,IS Bindra Stadium ,Pune Warriors India,Rajasthan Royals,RR   ,2012
277,Eden Gardens ,Delhi Daredevils,Kolkata Knight Riders,KKR   ,2012
278,M. A. Chidambaram Stadium ,Royal Challengers Bangalore,Deccan Chargers,RCB   ,2012
279,M. Chinnaswamy Stadium ,Mumbai Indians,Chennai Super Kings,MI   ,2012
280,Sawai Mansingh Stadium ,Punjab Kings,Rajasthan Royals,RR   ,2012
281,Barabati Stadium ,Kolkata Knight Riders,Pune Warriors India,KKR   ,2012
282,M. A. Chidambaram Stadium ,Chennai Super Kings,Deccan Chargers,CSK   ,2012
283,Wankhede Stadium ,Pune Warriors India,Mumbai Indians,MI   ,2012
284,Arun Jaitley Stadium ,Royal Challengers Bangalore,Punjab Kings,PBKS   ,2012
285,Eden Gardens ,Rajasthan Royals,Delhi Daredevils,DC   ,2012
286,M. A. Chidambaram Stadium ,Deccan Chargers,Pune Warriors India,SRH   ,2012
287,Arun Jaitley Stadium ,Chennai Super Kings,Kolkata Knight Riders,KKR   ,2012
288,M. Chinnaswamy Stadium ,Mumbai Indians,Deccan Chargers,MI   ,2012
289,IS Bindra Stadium ,Delhi Daredevils,Rajasthan Royals,DC   ,2012
290,Eden Gardens ,Kolkata Knight Riders,Royal Challengers Bangalore,KKR   ,2012
291,Sawai Mansingh Stadium ,Chennai Super Kings,Punjab Kings,PBKS   ,2012
292,Barabati Stadium ,Delhi Daredevils,Mumbai Indians,DC   ,2012
293,Wankhede Stadium ,Pune Warriors India,Deccan Chargers,SRH   ,2012
294,Arun Jaitley Stadium ,Royal Challengers Bangalore,Chennai Super Kings,No Result,2012
295,M. A. Chidambaram Stadium ,Punjab Kings,Mumbai Indians,MI   ,2012
296,IS Bindra Stadium ,Kolkata Knight Riders,Deccan Chargers,No Result,2012
297,Arun Jaitley Stadium ,Pune Warriors India,Delhi Daredevils,DC   ,2012
298,IS Bindra Stadium ,Rajasthan Royals,Royal Challengers Bangalore,RCB   ,2012
299,M. Chinnaswamy Stadium ,Deccan Chargers,Kolkata Knight Riders,KKR   ,2012
300,Sawai Mansingh Stadium ,Mumbai Indians,Punjab Kings,PBKS   ,2012
301,Wankhede Stadium ,Delhi Daredevils,Pune Warriors India,PW   ,2012
302,M. Chinnaswamy Stadium ,Chennai Super Kings,Rajasthan Royals,CSK   ,2012
303,Eden Gardens ,Punjab Kings,Royal Challengers Bangalore,RCB   ,2012
304,Eden Gardens ,Delhi Daredevils,Deccan Chargers,DC   ,2012
305,IS Bindra Stadium ,Punjab Kings,Kolkata Knight Riders,KKR   ,2012
306,M. A. Chidambaram Stadium ,Royal Challengers Bangalore,Pune Warriors India,RCB   ,2012
307,Wankhede Stadium ,Rajasthan Royals,Deccan Chargers,RR   ,2012
308,Arun Jaitley Stadium ,Mumbai Indians,Delhi Daredevils,DC   ,2012
309,M. Chinnaswamy Stadium ,Royal Challengers Bangalore,Rajasthan Royals,RR   ,2012
310,ACA-VDCA Stadium ,Kolkata Knight Riders,Punjab Kings,PBKS   ,2012
311,Sawai Mansingh Stadium ,Pune Warriors India,Chennai Super Kings,PW   ,2012
312,ACA-VDCA Stadium ,Kolkata Knight Riders,Rajasthan Royals,KKR   ,2012
313,M. Chinnaswamy Stadium ,Punjab Kings,Pune Warriors India,PBKS   ,2012
314,Sawai Mansingh Stadium ,Chennai Super Kings,Royal Challengers Bangalore,CSK   ,2012
315,Wankhede Stadium ,Mumbai Indians,Rajasthan Royals,MI   ,2012
316,Eden Gardens ,Delhi Daredevils,Chennai Super Kings,DC   ,2012
317,M. A. Chidambaram Stadium ,Royal Challengers Bangalore,Kolkata Knight Riders,KKR   ,2012
318,Other,Deccan Chargers,Mumbai Indians,MI   ,2012
319,Other,Pune Warriors India,Punjab Kings,PW   ,2012
320,Other,Rajasthan Royals,Kolkata Knight Riders,RR   ,2012
321,Other,Deccan Chargers,Chennai Super Kings,CSK   ,2012
322,Other,Royal Challengers Bangalore,Delhi Daredevils,RCB   ,2012
323,Other,Rajasthan Royals,Punjab Kings,RR   ,2012
324,Other,Mumbai Indians,Pune Warriors India,PW   ,2012
325,Other,Kolkata Knight Riders,Delhi Daredevils,DC   ,2012
326,Other,Chennai Super Kings,Mumbai Indians,MI   ,2012
327,Eden Gardens ,Chennai Super Kings,Mumbai Indians,MI   ,2013
328,Eden Gardens ,Rajasthan Royals,Mumbai Indians,MI   ,2013
329,Arun Jaitley Stadium ,Rajasthan Royals,Sunrisers Hyderabad,RR   ,2013
330,Arun Jaitley Stadium ,Chennai Super Kings,Mumbai Indians,CSK   ,2013
331,Rajiv Gandhi Intl. Cricket Stadium ,Sunrisers Hyderabad,Kolkata Knight Riders,SRH   ,2013
332,M. Chinnaswamy Stadium ,Pune Warriors India,Delhi Daredevils,PW   ,2013
333,HPCA Stadium ,Royal Challengers Bangalore,Chennai Super Kings,RCB   ,2013
334,Rajiv Gandhi Intl. Cricket Stadium ,Punjab Kings,Mumbai Indians,PBKS   ,2013
335,HPCA Stadium ,Sunrisers Hyderabad,Rajasthan Royals,SRH   ,2013
336,Wankhede Stadium ,Punjab Kings,Delhi Daredevils,PBKS   ,2013
337,JSCA International Cricket Stadium ,Mumbai Indians,Rajasthan Royals,MI   ,2013
338,M. A. Chidambaram Stadium ,Kolkata Knight Riders,Pune Warriors India,PW   ,2013
339,M. Chinnaswamy Stadium ,Chennai Super Kings,Delhi Daredevils,CSK   ,2013
340,Wankhede Stadium ,Royal Challengers Bangalore,Punjab Kings,PBKS   ,2013
341,Sawai Mansingh Stadium ,Mumbai Indians,Sunrisers Hyderabad,MI   ,2013
342,JSCA International Cricket Stadium ,Rajasthan Royals,Chennai Super Kings,RR   ,2013
343,IS Bindra Stadium ,Kolkata Knight Riders,Royal Challengers Bangalore,KKR   ,2013
344,Arun Jaitley Stadium ,Punjab Kings,Sunrisers Hyderabad,SRH   ,2013
345,IS Bindra Stadium ,Pune Warriors India,Mumbai Indians,MI   ,2013
346,Rajiv Gandhi Intl. Cricket Stadium ,Delhi Daredevils,Royal Challengers Bangalore,RCB   ,2013
347,Wankhede Stadium ,Pune Warriors India,Kolkata Knight Riders,KKR   ,2013
348,Sawai Mansingh Stadium ,Punjab Kings,Rajasthan Royals,RR   ,2013
349,IS Bindra Stadium ,Sunrisers Hyderabad,Chennai Super Kings,CSK   ,2013
350,Sawai Mansingh Stadium ,Mumbai Indians,Kolkata Knight Riders,MI   ,2013
351,Wankhede Stadium ,Rajasthan Royals,Delhi Daredevils,RR   ,2013
352,Rajiv Gandhi Intl. Cricket Stadium ,Punjab Kings,Royal Challengers Bangalore,PBKS   ,2013
353,Eden Gardens ,Rajasthan Royals,Pune Warriors India,RR   ,2013
354,M. A. Chidambaram Stadium ,Mumbai Indians,Chennai Super Kings,MI   ,2013
355,Shaheed Veer Narayan Singh International Cricket Stadium ,Sunrisers Hyderabad,Delhi Daredevils,SRH   ,2013
356,Rajiv Gandhi Intl. Cricket Stadium ,Kolkata Knight Riders,Rajasthan Royals,KKR   ,2013
357,Wankhede Stadium ,Pune Warriors India,Royal Challengers Bangalore,RCB   ,2013
358,Sawai Mansingh Stadium ,Chennai Super Kings,Punjab Kings,CSK   ,2013
359,Shaheed Veer Narayan Singh International Cricket Stadium ,Delhi Daredevils,Kolkata Knight Riders,DC   ,2013
360,M. A. Chidambaram Stadium ,Sunrisers Hyderabad,Mumbai Indians,SRH   ,2013
361,Wankhede Stadium ,Pune Warriors India,Chennai Super Kings,CSK   ,2013
362,Sawai Mansingh Stadium ,Mumbai Indians,Punjab Kings,MI   ,2013
363,Eden Gardens ,Rajasthan Royals,Royal Challengers Bangalore,RR   ,2013
364,M. A. Chidambaram Stadium ,Delhi Daredevils,Pune Warriors India,DC   ,2013
365,Eden Gardens ,Chennai Super Kings,Kolkata Knight Riders,CSK   ,2013
366,Arun Jaitley Stadium ,Mumbai Indians,Royal Challengers Bangalore,MI   ,2013
367,M. Chinnaswamy Stadium ,Rajasthan Royals,Sunrisers Hyderabad,RR   ,2013
368,M. A. Chidambaram Stadium ,Kolkata Knight Riders,Punjab Kings,KKR   ,2013
369,IS Bindra Stadium ,Chennai Super Kings,Sunrisers Hyderabad,CSK   ,2013
370,Arun Jaitley Stadium ,Kolkata Knight Riders,Mumbai Indians,MI   ,2013
371,M. Chinnaswamy Stadium ,Delhi Daredevils,Punjab Kings,PBKS   ,2013
372,Eden Gardens ,Royal Challengers Bangalore,Pune Warriors India,RCB   ,2013
373,Rajiv Gandhi Intl. Cricket Stadium ,Chennai Super Kings,Rajasthan Royals,CSK   ,2013
374,Arun Jaitley Stadium ,Punjab Kings,Pune Warriors India,PBKS   ,2013
375,Sawai Mansingh Stadium ,Delhi Daredevils,Mumbai Indians,DC   ,2013
376,M. Chinnaswamy Stadium ,Royal Challengers Bangalore,Rajasthan Royals,RCB   ,2013
377,IS Bindra Stadium ,Kolkata Knight Riders,Chennai Super Kings,CSK   ,2013
378,M. A. Chidambaram Stadium ,Sunrisers Hyderabad,Punjab Kings,SRH   ,2013
379,Sawai Mansingh Stadium ,Delhi Daredevils,Chennai Super Kings,CSK   ,2013
380,Eden Gardens ,Rajasthan Royals,Mumbai Indians,RR   ,2013
381,M. A. Chidambaram Stadium ,Pune Warriors India,Sunrisers Hyderabad,SRH   ,2013
382,Wankhede Stadium ,Royal Challengers Bangalore,Delhi Daredevils,Match Tied ,2013
383,Arun Jaitley Stadium ,Punjab Kings,Kolkata Knight Riders,PBKS   ,2013
384,M. Chinnaswamy Stadium ,Chennai Super Kings,Pune Warriors India,PW   ,2013
385,IS Bindra Stadium ,Rajasthan Royals,Punjab Kings,RR   ,2013
386,Wankhede Stadium ,Kolkata Knight Riders,Sunrisers Hyderabad,KKR   ,2013
387,M. Chinnaswamy Stadium ,Chennai Super Kings,Royal Challengers Bangalore,CSK   ,2013
388,Sawai Mansingh Stadium ,Mumbai Indians,Pune Warriors India,MI   ,2013
389,Rajiv Gandhi Intl. Cricket Stadium ,Delhi Daredevils,Sunrisers Hyderabad,SRH   ,2013
390,M. A. Chidambaram Stadium ,Pune Warriors India,Rajasthan Royals,PW   ,2013
391,Arun Jaitley Stadium ,Royal Challengers Bangalore,Kolkata Knight Riders,RCB   ,2013
392,Rajiv Gandhi Intl. Cricket Stadium ,Punjab Kings,Chennai Super Kings,CSK   ,2013
393,M. Chinnaswamy Stadium ,Mumbai Indians,Delhi Daredevils,MI   ,2013
394,Eden Gardens ,Royal Challengers Bangalore,Sunrisers Hyderabad,RCB   ,2013
395,Other,Rajasthan Royals,Kolkata Knight Riders,RR   ,2013
396,Other,Sunrisers Hyderabad,Royal Challengers Bangalore,Match Tied ,2013
397,Other,Pune Warriors India,Punjab Kings,PBKS   ,2013
398,Other,Chennai Super Kings,Mumbai Indians,MI   ,2013
399,Other,Delhi Daredevils,Rajasthan Royals,RR   ,2013
400,Other,Sunrisers Hyderabad,Pune Warriors India,SRH   ,2013
401,Other,Royal Challengers Bangalore,Mumbai Indians,RCB   ,2013
402,Other,Kolkata Knight Riders,Delhi Daredevils,KKR   ,2013
403,M. Chinnaswamy Stadium ,Punjab Kings,Kolkata Knight Riders,KKR   ,2014
404,Wankhede Stadium ,Punjab Kings,Chennai Super Kings,PBKS   ,2014
405,Brabourne Stadium ,Chennai Super Kings,Mumbai Indians,CSK   ,2014
406,Eden Gardens ,Punjab Kings,Kolkata Knight Riders,KKR   ,2014
407,Wankhede Stadium ,Mumbai Indians,Rajasthan Royals,MI   ,2014
408,IS Bindra Stadium ,Punjab Kings,Delhi Daredevils,PBKS   ,2014
409,Eden Gardens ,Kolkata Knight Riders,Sunrisers Hyderabad,KKR   ,2014
410,M. Chinnaswamy Stadium ,Royal Challengers Bangalore,Chennai Super Kings,CSK   ,2014
411,IS Bindra Stadium ,Punjab Kings,Rajasthan Royals,PBKS   ,2014
412,Wankhede Stadium ,Mumbai Indians,Delhi Daredevils,MI   ,2014
413,JSCA International Cricket Stadium ,Chennai Super Kings,Sunrisers Hyderabad,SRH   ,2014
414,Eden Gardens ,Kolkata Knight Riders,Royal Challengers Bangalore,KKR   ,2014
415,IS Bindra Stadium ,Punjab Kings,Mumbai Indians,MI   ,2014
416,Eden Gardens ,Kolkata Knight Riders,Chennai Super Kings,KKR   ,2014
417,Rajiv Gandhi Intl. Cricket Stadium ,Sunrisers Hyderabad,Royal Challengers Bangalore,SRH   ,2014
418,Arun Jaitley Stadium ,Delhi Daredevils,Punjab Kings,PBKS   ,2014
419,Narendra Modi Stadium ,Rajasthan Royals,Mumbai Indians,MI   ,2014
420,Rajiv Gandhi Intl. Cricket Stadium ,Sunrisers Hyderabad,Kolkata Knight Riders,KKR   ,2014
421,JSCA International Cricket Stadium ,Chennai Super Kings,Royal Challengers Bangalore,RCB   ,2014
422,Narendra Modi Stadium ,Rajasthan Royals,Delhi Daredevils,RR   ,2014
423,Barabati Stadium ,Kolkata Knight Riders,Mumbai Indians,KKR   ,2014
424,Rajiv Gandhi Intl. Cricket Stadium ,Sunrisers Hyderabad,Punjab Kings,PBKS   ,2014
425,M. Chinnaswamy Stadium ,Royal Challengers Bangalore,Delhi Daredevils,RCB   ,2014
426,JSCA International Cricket Stadium ,Chennai Super Kings,Rajasthan Royals,CSK   ,2014
427,Rajiv Gandhi Intl. Cricket Stadium ,Sunrisers Hyderabad,Mumbai Indians,MI   ,2014
428,M. Chinnaswamy Stadium ,Royal Challengers Bangalore,Rajasthan Royals,RR   ,2014
429,Barabati Stadium ,Punjab Kings,Kolkata Knight Riders,KKR   ,2014
430,Wankhede Stadium ,Mumbai Indians,Chennai Super Kings,CSK   ,2014
431,Arun Jaitley Stadium ,Delhi Daredevils,Sunrisers Hyderabad,SRH   ,2014
432,M. Chinnaswamy Stadium ,Royal Challengers Bangalore,Punjab Kings,PBKS   ,2014
433,Narendra Modi Stadium ,Rajasthan Royals,Sunrisers Hyderabad,SRH   ,2014
434,Barabati Stadium ,Punjab Kings,Chennai Super Kings,PBKS   ,2014
435,Arun Jaitley Stadium ,Delhi Daredevils,Kolkata Knight Riders,KKR   ,2014
436,Wankhede Stadium ,Mumbai Indians,Royal Challengers Bangalore,MI   ,2014
437,Arun Jaitley Stadium ,Delhi Daredevils,Chennai Super Kings,CSK   ,2014
438,Narendra Modi Stadium ,Rajasthan Royals,Kolkata Knight Riders,RR   ,2014
439,M. Chinnaswamy Stadium ,Royal Challengers Bangalore,Sunrisers Hyderabad,RCB   ,2014
440,Arun Jaitley Stadium ,Delhi Daredevils,Rajasthan Royals,RR   ,2014
441,Wankhede Stadium ,Mumbai Indians,Punjab Kings,MI   ,2014
442,JSCA International Cricket Stadium ,Chennai Super Kings,Kolkata Knight Riders,CSK   ,2014
443,Dubai International Cricket Stadium ,Mumbai Indians,Sunrisers Hyderabad,SRH   ,2014
444,Sheikh Zayed Cricket Stadium ,Kolkata Knight Riders,Rajasthan Royals,Match Tied ,2014
445,Dubai International Cricket Stadium ,Punjab Kings,Royal Challengers Bangalore,PBKS   ,2014
446,Sharjah Cricket Stadium ,Sunrisers Hyderabad,Chennai Super Kings,CSK   ,2014
447,Sharjah Cricket Stadium ,Delhi Daredevils,Mumbai Indians,DC   ,2014
448,Sheikh Zayed Cricket Stadium ,Kolkata Knight Riders,Punjab Kings,PBKS   ,2014
449,Sheikh Zayed Cricket Stadium ,Rajasthan Royals,Royal Challengers Bangalore,RR   ,2014
450,Dubai International Cricket Stadium ,Chennai Super Kings,Mumbai Indians,CSK   ,2014
451,Dubai International Cricket Stadium ,Sunrisers Hyderabad,Delhi Daredevils,SRH   ,2014
452,Sharjah Cricket Stadium ,Royal Challengers Bangalore,Kolkata Knight Riders,KKR   ,2014
453,Dubai International Cricket Stadium ,Rajasthan Royals,Chennai Super Kings,CSK   ,2014
454,Sharjah Cricket Stadium ,Punjab Kings,Sunrisers Hyderabad,PBKS   ,2014
455,Sheikh Zayed Cricket Stadium ,Chennai Super Kings,Delhi Daredevils,CSK   ,2014
456,Sharjah Cricket Stadium ,Rajasthan Royals,Punjab Kings,PBKS   ,2014
457,Dubai International Cricket Stadium ,Kolkata Knight Riders,Delhi Daredevils,DC   ,2014
458,Dubai International Cricket Stadium ,Royal Challengers Bangalore,Mumbai Indians,RCB   ,2014
459,Sheikh Zayed Cricket Stadium ,Sunrisers Hyderabad,Rajasthan Royals,RR   ,2014
460,Sheikh Zayed Cricket Stadium ,Chennai Super Kings,Punjab Kings,PBKS   ,2014
461,Sharjah Cricket Stadium ,Delhi Daredevils,Royal Challengers Bangalore,RCB   ,2014
462,Sheikh Zayed Cricket Stadium ,Mumbai Indians,Kolkata Knight Riders,KKR   ,2014
463,Eden Gardens ,Mumbai Indians,Chennai Super Kings,MI   ,2015
464,JSCA International Cricket Stadium ,Chennai Super Kings,Royal Challengers Bangalore,CSK   ,2015
465,Wankhede Stadium ,Royal Challengers Bangalore,Rajasthan Royals,RCB   ,2015
466,Rajiv Gandhi Intl. Cricket Stadium ,Chennai Super Kings,Mumbai Indians,MI   ,2015
467,M. Chinnaswamy Stadium ,Sunrisers Hyderabad,Mumbai Indians,MI   ,2015
468,Brabourne Stadium ,Royal Challengers Bangalore,Delhi Daredevils,No Result,2015
469,IS Bindra Stadium ,Rajasthan Royals,Kolkata Knight Riders,RR   ,2015
470,Rajiv Gandhi Intl. Cricket Stadium ,Punjab Kings,Chennai Super Kings,CSK   ,2015
471,Wankhede Stadium ,Sunrisers Hyderabad,Royal Challengers Bangalore,RCB   ,2015
472,IS Bindra Stadium ,Mumbai Indians,Kolkata Knight Riders,MI   ,2015
473,Shaheed Veer Narayan Singh International Cricket Stadium ,Punjab Kings,Royal Challengers Bangalore,PBKS   ,2015
474,Rajiv Gandhi Intl. Cricket Stadium ,Delhi Daredevils,Chennai Super Kings,DC   ,2015
475,M. A. Chidambaram Stadium ,Sunrisers Hyderabad,Punjab Kings,SRH   ,2015
476,Wankhede Stadium ,Chennai Super Kings,Rajasthan Royals,CSK   ,2015
477,Shaheed Veer Narayan Singh International Cricket Stadium ,Mumbai Indians,Royal Challengers Bangalore,RCB   ,2015
478,Eden Gardens ,Delhi Daredevils,Sunrisers Hyderabad,SRH   ,2015
479,M. A. Chidambaram Stadium ,Kolkata Knight Riders,Punjab Kings,KKR   ,2015
480,Eden Gardens ,Chennai Super Kings,Mumbai Indians,MI   ,2015
481,Brabourne Stadium ,Kolkata Knight Riders,Delhi Daredevils,KKR   ,2015
482,M. Chinnaswamy Stadium ,Rajasthan Royals,Sunrisers Hyderabad,SRH   ,2015
483,Wankhede Stadium ,Royal Challengers Bangalore,Punjab Kings,RCB   ,2015
484,Eden Gardens ,Mumbai Indians,Delhi Daredevils,MI   ,2015
485,M. A. Chidambaram Stadium ,Kolkata Knight Riders,Sunrisers Hyderabad,KKR   ,2015
486,Brabourne Stadium ,Chennai Super Kings,Royal Challengers Bangalore,CSK   ,2015
487,IS Bindra Stadium ,Rajasthan Royals,Delhi Daredevils,RR   ,2015
488,Rajiv Gandhi Intl. Cricket Stadium ,Punjab Kings,Mumbai Indians,MI   ,2015
489,M. Chinnaswamy Stadium ,Sunrisers Hyderabad,Chennai Super Kings,SRH   ,2015
490,Wankhede Stadium ,Royal Challengers Bangalore,Kolkata Knight Riders,RCB   ,2015
491,Arun Jaitley Stadium ,Mumbai Indians,Rajasthan Royals,MI   ,2015
492,Eden Gardens ,Delhi Daredevils,Punjab Kings,DC   ,2015
493,M. Chinnaswamy Stadium ,Kolkata Knight Riders,Chennai Super Kings,KKR   ,2015
494,M. A. Chidambaram Stadium ,Royal Challengers Bangalore,Rajasthan Royals,No Result,2015
495,IS Bindra Stadium ,Chennai Super Kings,Kolkata Knight Riders,CSK   ,2015
496,Arun Jaitley Stadium ,Punjab Kings,Sunrisers Hyderabad,SRH   ,2015
497,Eden Gardens ,Delhi Daredevils,Royal Challengers Bangalore,RCB   ,2015
498,M. A. Chidambaram Stadium ,Kolkata Knight Riders,Rajasthan Royals,No Result,2015
499,Wankhede Stadium ,Chennai Super Kings,Punjab Kings,CSK   ,2015
500,Narendra Modi Stadium ,Mumbai Indians,Sunrisers Hyderabad,MI   ,2015
501,Arun Jaitley Stadium ,Rajasthan Royals,Royal Challengers Bangalore,RCB   ,2015
502,M. Chinnaswamy Stadium ,Delhi Daredevils,Mumbai Indians,DC   ,2015
503,ACA-VDCA Stadium ,Royal Challengers Bangalore,Chennai Super Kings,CSK   ,2015
504,Narendra Modi Stadium ,Sunrisers Hyderabad,Kolkata Knight Riders,SRH   ,2015
505,Arun Jaitley Stadium ,Rajasthan Royals,Punjab Kings,Match Tied ,2015
506,M. Chinnaswamy Stadium ,Delhi Daredevils,Kolkata Knight Riders,KKR   ,2015
507,Narendra Modi Stadium ,Royal Challengers Bangalore,Mumbai Indians,MI   ,2015
508,ACA-VDCA Stadium ,Rajasthan Royals,Chennai Super Kings,RR   ,2015
509,Wankhede Stadium ,Punjab Kings,Kolkata Knight Riders,KKR   ,2015
510,ACA-VDCA Stadium ,Sunrisers Hyderabad,Delhi Daredevils,DC   ,2015
511,Narendra Modi Stadium ,Mumbai Indians,Chennai Super Kings,CSK   ,2015
512,M. Chinnaswamy Stadium ,Sunrisers Hyderabad,Rajasthan Royals,RR   ,2015
513,Wankhede Stadium ,Punjab Kings,Delhi Daredevils,DC   ,2015
514,Arun Jaitley Stadium ,Rajasthan Royals,Mumbai Indians,RR   ,2015
515,Eden Gardens ,Royal Challengers Bangalore,Sunrisers Hyderabad,SRH   ,2015
516,M. A. Chidambaram Stadium ,Mumbai Indians,Punjab Kings,PBKS   ,2015
517,M. A. Chidambaram Stadium ,Delhi Daredevils,Rajasthan Royals,RR   ,2015
518,Eden Gardens ,Kolkata Knight Riders,Royal Challengers Bangalore,RCB   ,2015
519,Other,Chennai Super Kings,Sunrisers Hyderabad,CSK   ,2015
520,Other,Punjab Kings,Rajasthan Royals,RR   ,2015
521,Other,Chennai Super Kings,Delhi Daredevils,CSK   ,2015
522,Other,Kolkata Knight Riders,Mumbai Indians,KKR   ,2015
523,M. Chinnaswamy Stadium ,Royal Challengers Bangalore,Sunrisers Hyderabad,SRH   ,2016
524,Arun Jaitley Stadium ,Gujarat Lions,Sunrisers Hyderabad,SRH   ,2016
525,Arun Jaitley Stadium ,Sunrisers Hyderabad,Kolkata Knight Riders,SRH   ,2016
526,M. Chinnaswamy Stadium ,Gujarat Lions,Royal Challengers Bangalore,RCB   ,2016
527,Shaheed Veer Narayan Singh International Cricket Stadium ,Delhi Daredevils,Royal Challengers Bangalore,RCB   ,2016
528,Eden Gardens ,Kolkata Knight Riders,Sunrisers Hyderabad,KKR   ,2016
529,Green Park ,Gujarat Lions,Mumbai Indians,GL   ,2016
530,ACA-VDCA Stadium ,Rising Pune Supergiant,Punjab Kings,RPS   ,2016
531,Shaheed Veer Narayan Singh International Cricket Stadium ,Delhi Daredevils,Sunrisers Hyderabad,DC   ,2016
532,Green Park ,Gujarat Lions,Kolkata Knight Riders,GL   ,2016
533,M. Chinnaswamy Stadium ,Royal Challengers Bangalore,Punjab Kings,RCB   ,2016
534,ACA-VDCA Stadium ,Rising Pune Supergiant,Delhi Daredevils,RPS   ,2016
535,Eden Gardens ,Kolkata Knight Riders,Royal Challengers Bangalore,RCB   ,2016
536,ACA-VDCA Stadium ,Mumbai Indians,Delhi Daredevils,MI   ,2016
537,IS Bindra Stadium ,Punjab Kings,Sunrisers Hyderabad,SRH   ,2016
538,Eden Gardens ,Kolkata Knight Riders,Rising Pune Supergiant,KKR   ,2016
539,M. Chinnaswamy Stadium ,Royal Challengers Bangalore,Gujarat Lions,RCB   ,2016
540,ACA-VDCA Stadium ,Mumbai Indians,Punjab Kings,PBKS   ,2016
541,Rajiv Gandhi Intl. Cricket Stadium ,Sunrisers Hyderabad,Delhi Daredevils,DC   ,2016
542,M. Chinnaswamy Stadium ,Royal Challengers Bangalore,Mumbai Indians,MI   ,2016
543,ACA-VDCA Stadium ,Rising Pune Supergiant,Sunrisers Hyderabad,SRH   ,2016
544,IS Bindra Stadium ,Punjab Kings,Royal Challengers Bangalore,RCB   ,2016
545,Eden Gardens ,Kolkata Knight Riders,Gujarat Lions,GL   ,2016
546,ACA-VDCA Stadium ,Mumbai Indians,Sunrisers Hyderabad,SRH   ,2016
547,IS Bindra Stadium ,Punjab Kings,Delhi Daredevils,PBKS   ,2016
548,M. Chinnaswamy Stadium ,Royal Challengers Bangalore,Rising Pune Supergiant,RCB   ,2016
549,Rajiv Gandhi Intl. Cricket Stadium ,Sunrisers Hyderabad,Gujarat Lions,SRH   ,2016
550,Arun Jaitley Stadium ,Delhi Daredevils,Rising Pune Supergiant,RPS   ,2016
551,Eden Gardens ,Kolkata Knight Riders,Punjab Kings,KKR   ,2016
552,Saurashtra Cricket Association Stadium ,Gujarat Lions,Delhi Daredevils,DC   ,2016
553,M. Chinnaswamy Stadium ,Royal Challengers Bangalore,Kolkata Knight Riders,KKR   ,2016
554,Saurashtra Cricket Association Stadium ,Rising Pune Supergiant,Mumbai Indians,MI   ,2016
555,Rajiv Gandhi Intl. Cricket Stadium ,Gujarat Lions,Punjab Kings,PBKS   ,2016
556,Arun Jaitley Stadium ,Sunrisers Hyderabad,Royal Challengers Bangalore,SRH   ,2016
557,Wankhede Stadium ,Delhi Daredevils,Kolkata Knight Riders,DC   ,2016
558,Arun Jaitley Stadium ,Rising Pune Supergiant,Gujarat Lions,GL   ,2016
559,Rajiv Gandhi Intl. Cricket Stadium ,Mumbai Indians,Kolkata Knight Riders,MI   ,2016
560,IS Bindra Stadium ,Delhi Daredevils,Gujarat Lions,GL   ,2016
561,Saurashtra Cricket Association Stadium ,Sunrisers Hyderabad,Rising Pune Supergiant,RPS   ,2016
562,Rajiv Gandhi Intl. Cricket Stadium ,Punjab Kings,Mumbai Indians,MI   ,2016
563,Arun Jaitley Stadium ,Rising Pune Supergiant,Kolkata Knight Riders,KKR   ,2016
564,Saurashtra Cricket Association Stadium ,Gujarat Lions,Royal Challengers Bangalore,GL   ,2016
565,Wankhede Stadium ,Sunrisers Hyderabad,Punjab Kings,SRH   ,2016
566,IS Bindra Stadium ,Delhi Daredevils,Mumbai Indians,DC   ,2016
567,Rajiv Gandhi Intl. Cricket Stadium ,Rising Pune Supergiant,Royal Challengers Bangalore,RCB   ,2016
568,M. Chinnaswamy Stadium ,Gujarat Lions,Sunrisers Hyderabad,SRH   ,2016
569,IS Bindra Stadium ,Mumbai Indians,Royal Challengers Bangalore,MI   ,2016
570,Wankhede Stadium ,Punjab Kings,Kolkata Knight Riders,KKR   ,2016
571,Rajiv Gandhi Intl. Cricket Stadium ,Sunrisers Hyderabad,Mumbai Indians,SRH   ,2016
572,Arun Jaitley Stadium ,Royal Challengers Bangalore,Delhi Daredevils,DC   ,2016
573,Saurashtra Cricket Association Stadium ,Punjab Kings,Rising Pune Supergiant,PBKS   ,2016
574,Eden Gardens ,Mumbai Indians,Gujarat Lions,GL   ,2016
575,M. Chinnaswamy Stadium ,Sunrisers Hyderabad,Kolkata Knight Riders,KKR   ,2016
576,IS Bindra Stadium ,Delhi Daredevils,Punjab Kings,DC   ,2016
577,Eden Gardens ,Gujarat Lions,Rising Pune Supergiant,GL   ,2016
578,Wankhede Stadium ,Kolkata Knight Riders,Mumbai Indians,MI   ,2016
579,Other,Royal Challengers Bangalore,Sunrisers Hyderabad,RCB   ,2016
580,Other,Punjab Kings,Gujarat Lions,GL   ,2016
581,Other,Kolkata Knight Riders,Delhi Daredevils,KKR   ,2016
582,Other,Mumbai Indians,Rising Pune Supergiant,RPS   ,2016
583,Rajiv Gandhi Intl. Cricket Stadium ,Rising Pune Supergiant,Mumbai Indians,MI   ,2017
584,M. Chinnaswamy Stadium ,Mumbai Indians,Kolkata Knight Riders,MI   ,2017
585,M. Chinnaswamy Stadium ,Sunrisers Hyderabad,Kolkata Knight Riders,KKR   ,2017
586,Wankhede Stadium ,Mumbai Indians,Rising Pune Supergiant,RPS   ,2017
587,Arun Jaitley Stadium ,Delhi Daredevils,Royal Challengers Bangalore,RCB   ,2017
588,Eden Gardens ,Rising Pune Supergiant,Punjab Kings,RPS   ,2017
589,Green Park ,Kolkata Knight Riders,Mumbai Indians,MI   ,2017
590,Arun Jaitley Stadium ,Gujarat Lions,Sunrisers Hyderabad,SRH   ,2017
591,Wankhede Stadium ,Delhi Daredevils,Rising Pune Supergiant,DC   ,2017
592,Green Park ,Mumbai Indians,Punjab Kings,PBKS   ,2017
593,IS Bindra Stadium ,Gujarat Lions,Delhi Daredevils,DC   ,2017
594,Rajiv Gandhi Intl. Cricket Stadium ,Punjab Kings,Kolkata Knight Riders,PBKS   ,2017
595,IS Bindra Stadium ,Sunrisers Hyderabad,Mumbai Indians,SRH   ,2017
596,M. Chinnaswamy Stadium ,Punjab Kings,Gujarat Lions,GL   ,2017
597,Arun Jaitley Stadium ,Royal Challengers Bangalore,Kolkata Knight Riders,KKR   ,2017
598,Rajiv Gandhi Intl. Cricket Stadium ,Delhi Daredevils,Mumbai Indians,MI   ,2017
599,M. Chinnaswamy Stadium ,Sunrisers Hyderabad,Rising Pune Supergiant,RPS   ,2017
600,Arun Jaitley Stadium ,Royal Challengers Bangalore,Punjab Kings,PBKS   ,2017
601,Eden Gardens ,Delhi Daredevils,Gujarat Lions,DC   ,2017
602,Arun Jaitley Stadium ,Kolkata Knight Riders,Rising Pune Supergiant,RPS   ,2017
603,Wankhede Stadium ,Delhi Daredevils,Sunrisers Hyderabad,DC   ,2017
604,Rajiv Gandhi Intl. Cricket Stadium ,Rising Pune Supergiant,Gujarat Lions,RPS   ,2017
605,IS Bindra Stadium ,Mumbai Indians,Royal Challengers Bangalore,MI   ,2017
606,Saurashtra Cricket Association Stadium ,Sunrisers Hyderabad,Kolkata Knight Riders,SRH   ,2017
607,IS Bindra Stadium ,Punjab Kings,Delhi Daredevils,PBKS   ,2017
608,Eden Gardens ,Gujarat Lions,Mumbai Indians,Match Tied ,2017
609,M. Chinnaswamy Stadium ,Rising Pune Supergiant,Royal Challengers Bangalore,RPS   ,2017
610,M. Chinnaswamy Stadium ,Punjab Kings,Sunrisers Hyderabad,SRH   ,2017
611,Wankhede Stadium ,Kolkata Knight Riders,Delhi Daredevils,KKR   ,2017
612,Eden Gardens ,Royal Challengers Bangalore,Gujarat Lions,GL   ,2017
613,Saurashtra Cricket Association Stadium ,Rising Pune Supergiant,Kolkata Knight Riders,KKR   ,2017
614,Wankhede Stadium ,Royal Challengers Bangalore,Sunrisers Hyderabad,No Result,2017
615,Eden Gardens ,Mumbai Indians,Rising Pune Supergiant,RPS   ,2017
616,Holkar Cricket Stadium ,Kolkata Knight Riders,Royal Challengers Bangalore,KKR   ,2017
617,Rajiv Gandhi Intl. Cricket Stadium ,Gujarat Lions,Punjab Kings,PBKS   ,2017
618,Saurashtra Cricket Association Stadium ,Mumbai Indians,Delhi Daredevils,MI   ,2017
619,Rajiv Gandhi Intl. Cricket Stadium ,Rising Pune Supergiant,Sunrisers Hyderabad,RPS   ,2017
620,Arun Jaitley Stadium ,Kolkata Knight Riders,Gujarat Lions,GL   ,2017
621,M. Chinnaswamy Stadium ,Punjab Kings,Mumbai Indians,MI   ,2017
622,Wankhede Stadium ,Sunrisers Hyderabad,Delhi Daredevils,SRH   ,2017
623,Arun Jaitley Stadium ,Gujarat Lions,Royal Challengers Bangalore,RCB   ,2017
624,Eden Gardens ,Sunrisers Hyderabad,Punjab Kings,SRH   ,2017
625,Saurashtra Cricket Association Stadium ,Delhi Daredevils,Kolkata Knight Riders,KKR   ,2017
626,M. Chinnaswamy Stadium ,Royal Challengers Bangalore,Rising Pune Supergiant,RPS   ,2017
627,Eden Gardens ,Mumbai Indians,Gujarat Lions,MI   ,2017
628,Wankhede Stadium ,Delhi Daredevils,Punjab Kings,DC   ,2017
629,Holkar Cricket Stadium ,Kolkata Knight Riders,Sunrisers Hyderabad,KKR   ,2017
630,Wankhede Stadium ,Gujarat Lions,Rising Pune Supergiant,GL   ,2017
631,Rajiv Gandhi Intl. Cricket Stadium ,Royal Challengers Bangalore,Mumbai Indians,MI   ,2017
632,M. Chinnaswamy Stadium ,Kolkata Knight Riders,Punjab Kings,KKR   ,2017
633,Holkar Cricket Stadium ,Mumbai Indians,Sunrisers Hyderabad,MI   ,2017
634,Saurashtra Cricket Association Stadium ,Rising Pune Supergiant,Delhi Daredevils,DC   ,2017
635,Rajiv Gandhi Intl. Cricket Stadium ,Punjab Kings,Royal Challengers Bangalore,PBKS   ,2017
636,Other,Mumbai Indians,Kolkata Knight Riders,MI   ,2017
637,Other,Sunrisers Hyderabad,Gujarat Lions,SRH   ,2017
638,Other,Royal Challengers Bangalore,Delhi Daredevils,RCB   ,2017
639,Other,Punjab Kings,Rising Pune Supergiant,PBKS   ,2017
640,Other,Gujarat Lions,Kolkata Knight Riders,KKR   ,2017
641,Other,Rising Pune Supergiant,Mumbai Indians,RPS   ,2017
642,Other,Sunrisers Hyderabad,Royal Challengers Bangalore,SRH   ,2017
643,Wankhede Stadium ,Chennai Super Kings,Sunrisers Hyderabad,CSK   ,2018
644,Eden Gardens ,Sunrisers Hyderabad,Kolkata Knight Riders,SRH   ,2018
645,Eden Gardens ,Kolkata Knight Riders,Rajasthan Royals,KKR   ,2018
646,Wankhede Stadium ,Sunrisers Hyderabad,Chennai Super Kings,CSK   ,2018
647,Arun Jaitley Stadium ,Chennai Super Kings,Punjab Kings,CSK   ,2018
648,Rajiv Gandhi Intl. Cricket Stadium ,Delhi Daredevils,Mumbai Indians,DC   ,2018
649,Sawai Mansingh Stadium ,Sunrisers Hyderabad,Kolkata Knight Riders,KKR   ,2018
650,Arun Jaitley Stadium ,Rajasthan Royals,Royal Challengers Bangalore,RR   ,2018
651,M. Chinnaswamy Stadium ,Delhi Daredevils,Chennai Super Kings,DC   ,2018
652,Wankhede Stadium ,Royal Challengers Bangalore,Sunrisers Hyderabad,RCB   ,2018
653,Eden Gardens ,Mumbai Indians,Punjab Kings,MI   ,2018
654,Holkar Cricket Stadium ,Kolkata Knight Riders,Rajasthan Royals,KKR   ,2018
655,Wankhede Stadium ,Punjab Kings,Royal Challengers Bangalore,RCB   ,2018
656,Arun Jaitley Stadium ,Mumbai Indians,Rajasthan Royals,RR   ,2018
657,Holkar Cricket Stadium ,Chennai Super Kings,Sunrisers Hyderabad,CSK   ,2018
658,Sawai Mansingh Stadium ,Delhi Daredevils,Royal Challengers Bangalore,RCB   ,2018
659,Arun Jaitley Stadium ,Punjab Kings,Kolkata Knight Riders,KKR   ,2018
660,Eden Gardens ,Rajasthan Royals,Chennai Super Kings,RR   ,2018
661,Sawai Mansingh Stadium ,Delhi Daredevils,Sunrisers Hyderabad,SRH   ,2018
662,Rajiv Gandhi Intl. Cricket Stadium ,Kolkata Knight Riders,Mumbai Indians,MI   ,2018
663,Holkar Cricket Stadium ,Rajasthan Royals,Punjab Kings,RR   ,2018
664,Wankhede Stadium ,Sunrisers Hyderabad,Royal Challengers Bangalore,SRH   ,2018
665,Rajiv Gandhi Intl. Cricket Stadium ,Punjab Kings,Rajasthan Royals,PBKS   ,2018
666,Holkar Cricket Stadium ,Mumbai Indians,Kolkata Knight Riders,MI   ,2018
667,Eden Gardens ,Sunrisers Hyderabad,Delhi Daredevils,SRH   ,2018
668,Arun Jaitley Stadium ,Chennai Super Kings,Royal Challengers Bangalore,CSK   ,2018
669,M. Chinnaswamy Stadium ,Punjab Kings,Mumbai Indians,MI   ,2018
670,M. Chinnaswamy Stadium ,Kolkata Knight Riders,Chennai Super Kings,KKR   ,2018
671,Sawai Mansingh Stadium ,Delhi Daredevils,Rajasthan Royals,DC   ,2018
672,Arun Jaitley Stadium ,Royal Challengers Bangalore,Mumbai Indians,RCB   ,2018
673,Rajiv Gandhi Intl. Cricket Stadium ,Chennai Super Kings,Delhi Daredevils,CSK   ,2018
674,M. Chinnaswamy Stadium ,Royal Challengers Bangalore,Kolkata Knight Riders,KKR   ,2018
675,Wankhede Stadium ,Rajasthan Royals,Sunrisers Hyderabad,SRH   ,2018
676,Arun Jaitley Stadium ,Chennai Super Kings,Mumbai Indians,MI   ,2018
677,Sawai Mansingh Stadium ,Delhi Daredevils,Kolkata Knight Riders,DC   ,2018
678,Rajiv Gandhi Intl. Cricket Stadium ,Sunrisers Hyderabad,Punjab Kings,SRH   ,2018
679,M. Chinnaswamy Stadium ,Royal Challengers Bangalore,Chennai Super Kings,CSK   ,2018
680,Eden Gardens ,Mumbai Indians,Sunrisers Hyderabad,SRH   ,2018
681,IS Bindra Stadium ,Delhi Daredevils,Punjab Kings,PBKS   ,2018
682,Sawai Mansingh Stadium ,Rajasthan Royals,Mumbai Indians,RR   ,2018
683,Wankhede Stadium ,Sunrisers Hyderabad,Chennai Super Kings,CSK   ,2018
684,Eden Gardens ,Royal Challengers Bangalore,Delhi Daredevils,RCB   ,2018
685,IS Bindra Stadium ,Kolkata Knight Riders,Punjab Kings,PBKS   ,2018
686,M. Chinnaswamy Stadium ,Chennai Super Kings,Rajasthan Royals,CSK   ,2018
687,Eden Gardens ,Punjab Kings,Sunrisers Hyderabad,PBKS   ,2018
688,Wankhede Stadium ,Rajasthan Royals,Kolkata Knight Riders,KKR   ,2018
689,M. Chinnaswamy Stadium ,Mumbai Indians,Royal Challengers Bangalore,MI   ,2018
690,Rajiv Gandhi Intl. Cricket Stadium ,Kolkata Knight Riders,Delhi Daredevils,KKR   ,2018
691,Sawai Mansingh Stadium ,Punjab Kings,Chennai Super Kings,PBKS   ,2018
692,M. A. Chidambaram Stadium ,Royal Challengers Bangalore,Rajasthan Royals,RR   ,2018
693,Rajiv Gandhi Intl. Cricket Stadium ,Kolkata Knight Riders,Sunrisers Hyderabad,SRH   ,2018
694,Eden Gardens ,Mumbai Indians,Delhi Daredevils,DC   ,2018
695,IS Bindra Stadium ,Royal Challengers Bangalore,Punjab Kings,RCB   ,2018
696,Wankhede Stadium ,Sunrisers Hyderabad,Mumbai Indians,SRH   ,2018
697,Other,Rajasthan Royals,Delhi Daredevils,RR   ,2018
698,Other,Chennai Super Kings,Kolkata Knight Riders,CSK   ,2018
699,Other,Sunrisers Hyderabad,Rajasthan Royals,SRH   ,2018
700,Other,Kolkata Knight Riders,Royal Challengers Bangalore,KKR   ,2018
701,Other,Punjab Kings,Delhi Daredevils,PBKS   ,2018
702,Other,Mumbai Indians,Chennai Super Kings,CSK   ,2018
703,Rajiv Gandhi Intl. Cricket Stadium ,Mumbai Indians,Chennai Super Kings,MI   ,2019
704,ACA-VDCA Stadium ,Chennai Super Kings,Delhi Capitals,CSK   ,2019
705,ACA-VDCA Stadium ,Delhi Capitals,Sunrisers Hyderabad,DC   ,2019
706,M. A. Chidambaram Stadium ,Mumbai Indians,Chennai Super Kings,MI   ,2019
707,Wankhede Stadium ,Mumbai Indians,Kolkata Knight Riders,MI   ,2019
708,IS Bindra Stadium ,Punjab Kings,Chennai Super Kings,PBKS   ,2019
709,M. Chinnaswamy Stadium ,Royal Challengers Bangalore,Sunrisers Hyderabad,RCB   ,2019
710,Arun Jaitley Stadium ,Delhi Capitals,Rajasthan Royals,DC   ,2019
711,IS Bindra Stadium ,Punjab Kings,Kolkata Knight Riders,KKR   ,2019
712,Wankhede Stadium ,Mumbai Indians,Sunrisers Hyderabad,Match Tied ,2019
713,M. A. Chidambaram Stadium ,Chennai Super Kings,Delhi Capitals,CSK   ,2019
714,M. Chinnaswamy Stadium ,Royal Challengers Bangalore,Rajasthan Royals,No Result,2019
715,Rajiv Gandhi Intl. Cricket Stadium ,Sunrisers Hyderabad,Punjab Kings,SRH   ,2019
716,Eden Gardens ,Kolkata Knight Riders,Mumbai Indians,KKR   ,2019
717,Arun Jaitley Stadium ,Delhi Capitals,Royal Challengers Bangalore,DC   ,2019
718,Sawai Mansingh Stadium ,Rajasthan Royals,Sunrisers Hyderabad,RR   ,2019
719,M. A. Chidambaram Stadium ,Chennai Super Kings,Mumbai Indians,MI   ,2019
720,Eden Gardens ,Kolkata Knight Riders,Rajasthan Royals,RR   ,2019
721,M. Chinnaswamy Stadium ,Royal Challengers Bangalore,Punjab Kings,RCB   ,2019
722,M. A. Chidambaram Stadium ,Chennai Super Kings,Sunrisers Hyderabad,CSK   ,2019
723,Sawai Mansingh Stadium ,Rajasthan Royals,Delhi Capitals,DC   ,2019
724,M. Chinnaswamy Stadium ,Royal Challengers Bangalore,Chennai Super Kings,RCB   ,2019
725,Rajiv Gandhi Intl. Cricket Stadium ,Sunrisers Hyderabad,Kolkata Knight Riders,SRH   ,2019
726,Arun Jaitley Stadium ,Delhi Capitals,Punjab Kings,DC   ,2019
727,Sawai Mansingh Stadium ,Rajasthan Royals,Mumbai Indians,RR   ,2019
728,Eden Gardens ,Kolkata Knight Riders,Royal Challengers Bangalore,RCB   ,2019
729,Arun Jaitley Stadium ,Delhi Capitals,Mumbai Indians,MI   ,2019
730,Rajiv Gandhi Intl. Cricket Stadium ,Sunrisers Hyderabad,Chennai Super Kings,SRH   ,2019
731,IS Bindra Stadium ,Punjab Kings,Rajasthan Royals,PBKS   ,2019
732,Wankhede Stadium ,Mumbai Indians,Royal Challengers Bangalore,MI   ,2019
733,Rajiv Gandhi Intl. Cricket Stadium ,Sunrisers Hyderabad,Delhi Capitals,DC   ,2019
734,Eden Gardens ,Kolkata Knight Riders,Chennai Super Kings,CSK   ,2019
735,IS Bindra Stadium ,Punjab Kings,Royal Challengers Bangalore,RCB   ,2019
736,Wankhede Stadium ,Mumbai Indians,Rajasthan Royals,RR   ,2019
737,Eden Gardens ,Kolkata Knight Riders,Delhi Capitals,DC   ,2019
738,Sawai Mansingh Stadium ,Rajasthan Royals,Chennai Super Kings,CSK   ,2019
739,Wankhede Stadium ,Mumbai Indians,Punjab Kings,MI   ,2019
740,M. A. Chidambaram Stadium ,Chennai Super Kings,Kolkata Knight Riders,CSK   ,2019
741,IS Bindra Stadium ,Punjab Kings,Sunrisers Hyderabad,PBKS   ,2019
742,Sawai Mansingh Stadium ,Rajasthan Royals,Kolkata Knight Riders,KKR   ,2019
743,M. Chinnaswamy Stadium ,Royal Challengers Bangalore,Delhi Capitals,DC   ,2019
744,Rajiv Gandhi Intl. Cricket Stadium ,Sunrisers Hyderabad,Mumbai Indians,MI   ,2019
745,M. A. Chidambaram Stadium ,Chennai Super Kings,Punjab Kings,CSK   ,2019
746,M. Chinnaswamy Stadium ,Royal Challengers Bangalore,Kolkata Knight Riders,KKR   ,2019
747,Arun Jaitley Stadium ,Delhi Capitals,Sunrisers Hyderabad,SRH   ,2019
748,Wankhede Stadium ,Mumbai Indians,Chennai Super Kings,MI   ,2019
749,Sawai Mansingh Stadium ,Rajasthan Royals,Royal Challengers Bangalore,RR   ,2019
750,IS Bindra Stadium ,Punjab Kings,Delhi Capitals,PBKS   ,2019
751,M. A. Chidambaram Stadium ,Chennai Super Kings,Rajasthan Royals,CSK   ,2019
752,Rajiv Gandhi Intl. Cricket Stadium ,Sunrisers Hyderabad,Royal Challengers Bangalore,SRH   ,2019
753,Arun Jaitley Stadium ,Delhi Capitals,Kolkata Knight Riders,Match Tied ,2019
754,IS Bindra Stadium ,Punjab Kings,Mumbai Indians,PBKS   ,2019
755,Rajiv Gandhi Intl. Cricket Stadium ,Sunrisers Hyderabad,Rajasthan Royals,SRH   ,2019
756,M. Chinnaswamy Stadium ,Royal Challengers Bangalore,Mumbai Indians,MI   ,2019
757,Eden Gardens ,Kolkata Knight Riders,Punjab Kings,KKR   ,2019
758,Arun Jaitley Stadium ,Delhi Capitals,Chennai Super Kings,CSK   ,2019
759,Sawai Mansingh Stadium ,Rajasthan Royals,Punjab Kings,PBKS   ,2019
760,Wankhede Stadium ,Mumbai Indians,Delhi Capitals,DC   ,2019
761,Eden Gardens ,Kolkata Knight Riders,Sunrisers Hyderabad,KKR   ,2019
762,M. A. Chidambaram Stadium ,Chennai Super Kings,Royal Challengers Bangalore,CSK   ,2019
763,Dubai International Cricket Stadium ,Mumbai Indians,Delhi Capitals,MI   ,2020
764,Sheikh Zayed Cricket Stadium ,Delhi Capitals,Sunrisers Hyderabad,DC   ,2020
765,Sheikh Zayed Cricket Stadium ,Sunrisers Hyderabad,Royal Challengers Bangalore,SRH   ,2020
766,Dubai International Cricket Stadium ,Mumbai Indians,Delhi Capitals,MI   ,2020
767,Sharjah Cricket Stadium ,Sunrisers Hyderabad,Mumbai Indians,SRH   ,2020
768,Sheikh Zayed Cricket Stadium ,Delhi Capitals,Royal Challengers Bangalore,DC   ,2020
769,Dubai International Cricket Stadium ,Kolkata Knight Riders,Rajasthan Royals,KKR   ,2020
770,Sheikh Zayed Cricket Stadium ,Chennai Super Kings,Punjab Kings,CSK   ,2020
771,Sharjah Cricket Stadium ,Royal Challengers Bangalore,Sunrisers Hyderabad,SRH   ,2020
772,Dubai International Cricket Stadium ,Delhi Capitals,Mumbai Indians,MI   ,2020
773,Sheikh Zayed Cricket Stadium ,Punjab Kings,Rajasthan Royals,RR   ,2020
774,Dubai International Cricket Stadium ,Chennai Super Kings,Kolkata Knight Riders,CSK   ,2020
775,Sheikh Zayed Cricket Stadium ,Mumbai Indians,Royal Challengers Bangalore,MI   ,2020
776,Dubai International Cricket Stadium ,Sunrisers Hyderabad,Delhi Capitals,SRH   ,2020
777,Sharjah Cricket Stadium ,Kolkata Knight Riders,Punjab Kings,PBKS   ,2020
778,Sheikh Zayed Cricket Stadium ,Rajasthan Royals,Mumbai Indians,RR   ,2020
779,Dubai International Cricket Stadium ,Royal Challengers Bangalore,Chennai Super Kings,CSK   ,2020
780,Dubai International Cricket Stadium ,Punjab Kings,Sunrisers Hyderabad,PBKS   ,2020
781,Sheikh Zayed Cricket Stadium ,Kolkata Knight Riders,Delhi Capitals,KKR   ,2020
782,Sharjah Cricket Stadium ,Chennai Super Kings,Mumbai Indians,MI   ,2020
783,Dubai International Cricket Stadium ,Rajasthan Royals,Sunrisers Hyderabad,SRH   ,2020
784,Sheikh Zayed Cricket Stadium ,Kolkata Knight Riders,Royal Challengers Bangalore,RCB   ,2020
785,Dubai International Cricket Stadium ,Punjab Kings,Delhi Capitals,PBKS   ,2020
786,Sheikh Zayed Cricket Stadium ,Chennai Super Kings,Rajasthan Royals,RR   ,2020
787,Dubai International Cricket Stadium ,Mumbai Indians,Punjab Kings,Match Tied ,2020
788,Sheikh Zayed Cricket Stadium ,Sunrisers Hyderabad,Kolkata Knight Riders,Match Tied ,2020
789,Sharjah Cricket Stadium ,Delhi Capitals,Chennai Super Kings,DC   ,2020
790,Dubai International Cricket Stadium ,Rajasthan Royals,Royal Challengers Bangalore,RCB   ,2020
791,Sheikh Zayed Cricket Stadium ,Mumbai Indians,Kolkata Knight Riders,MI   ,2020
792,Sharjah Cricket Stadium ,Royal Challengers Bangalore,Punjab Kings,PBKS   ,2020
793,Dubai International Cricket Stadium ,Delhi Capitals,Rajasthan Royals,DC   ,2020
794,Dubai International Cricket Stadium ,Sunrisers Hyderabad,Chennai Super Kings,CSK   ,2020
795,Sharjah Cricket Stadium ,Royal Challengers Bangalore,Kolkata Knight Riders,RCB   ,2020
796,Sheikh Zayed Cricket Stadium ,Mumbai Indians,Delhi Capitals,MI   ,2020
797,Dubai International Cricket Stadium ,Sunrisers Hyderabad,Rajasthan Royals,RR   ,2020
798,Dubai International Cricket Stadium ,Chennai Super Kings,Royal Challengers Bangalore,RCB   ,2020
799,Sheikh Zayed Cricket Stadium ,Punjab Kings,Kolkata Knight Riders,KKR   ,2020
800,Sharjah Cricket Stadium ,Rajasthan Royals,Delhi Capitals,DC   ,2020
801,Dubai International Cricket Stadium ,Sunrisers Hyderabad,Punjab Kings,SRH   ,2020
802,Sheikh Zayed Cricket Stadium ,Kolkata Knight Riders,Chennai Super Kings,KKR   ,2020
803,Sheikh Zayed Cricket Stadium ,Mumbai Indians,Rajasthan Royals,MI   ,2020
804,Dubai International Cricket Stadium ,Royal Challengers Bangalore,Delhi Capitals,DC   ,2020
805,Dubai International Cricket Stadium ,Punjab Kings,Chennai Super Kings,CSK   ,2020
806,Sharjah Cricket Stadium ,Mumbai Indians,Sunrisers Hyderabad,MI   ,2020
807,Sharjah Cricket Stadium ,Delhi Capitals,Kolkata Knight Riders,DC   ,2020
808,Sheikh Zayed Cricket Stadium ,Royal Challengers Bangalore,Rajasthan Royals,RCB   ,2020
809,Dubai International Cricket Stadium ,Chennai Super Kings,Sunrisers Hyderabad,SRH   ,2020
810,Sheikh Zayed Cricket Stadium ,Punjab Kings,Mumbai Indians,MI   ,2020
811,Dubai International Cricket Stadium ,Rajasthan Royals,Kolkata Knight Riders,KKR   ,2020
812,Sheikh Zayed Cricket Stadium ,Delhi Capitals,Sunrisers Hyderabad,SRH   ,2020
813,Dubai International Cricket Stadium ,Royal Challengers Bangalore,Mumbai Indians,Match Tied ,2020
814,Sharjah Cricket Stadium ,Rajasthan Royals,Punjab Kings,RR   ,2020
815,Sheikh Zayed Cricket Stadium ,Kolkata Knight Riders,Sunrisers Hyderabad,KKR   ,2020
816,Dubai International Cricket Stadium ,Chennai Super Kings,Delhi Capitals,DC   ,2020
817,Dubai International Cricket Stadium ,Punjab Kings,Royal Challengers Bangalore,PBKS   ,2020
818,Sheikh Zayed Cricket Stadium ,Kolkata Knight Riders,Mumbai Indians,MI   ,2020
819,Sharjah Cricket Stadium ,Rajasthan Royals,Chennai Super Kings,RR   ,2020
820,Dubai International Cricket Stadium ,Sunrisers Hyderabad,Royal Challengers Bangalore,RCB   ,2020
821,Dubai International Cricket Stadium ,Delhi Capitals,Punjab Kings,Match Tied ,2020
822,Sheikh Zayed Cricket Stadium ,Mumbai Indians,Chennai Super Kings,CSK   ,2020
823,Dubai International Stadium ,Chennai Super Kings,Kolkata Knight Riders,CSK   ,2021
824,Sharjah Cricket Stadium ,Kolkata Knight Riders,Delhi Capitals,KKR   ,2021
825,Sharjah Cricket Stadium ,Royal Challengers Bangalore,Kolkata Knight Riders,KKR   ,2021
826,Dubai International Stadium ,Delhi Capitals,Chennai Super Kings,CSK   ,2021
827,Dubai International Stadium ,Royal Challengers Bangalore,Delhi Capitals,RCB   ,2021
828,Zayed Cricket Stadium ,Sunrisers Hyderabad,Mumbai Indians,MI   ,2021
829,Sharjah Cricket Stadium ,Kolkata Knight Riders,Rajasthan Royals,KKR   ,2021
830,Dubai International Stadium ,Chennai Super Kings,Punjab Kings,PBKS   ,2021
831,Zayed Cricket Stadium ,Royal Challengers Bangalore,Sunrisers Hyderabad,SRH   ,2021
832,Sharjah Cricket Stadium ,Rajasthan Royals,Mumbai Indians,MI   ,2021
833,Dubai International Stadium ,Delhi Capitals,Chennai Super Kings,DC   ,2021
834,Dubai International Stadium ,Kolkata Knight Riders,Sunrisers Hyderabad,KKR   ,2021
835,Sharjah Cricket Stadium ,Royal Challengers Bangalore,Punjab Kings,RCB   ,2021
836,Zayed Cricket Stadium ,Rajasthan Royals,Chennai Super Kings,RR   ,2021
837,Sharjah Cricket Stadium ,Mumbai Indians,Delhi Capitals,DC   ,2021
838,Dubai International Stadium ,Kolkata Knight Riders,Punjab Kings,PBKS   ,2021
839,Sharjah Cricket Stadium ,Sunrisers Hyderabad,Chennai Super Kings,CSK   ,2021
840,Dubai International Stadium ,Rajasthan Royals,Royal Challengers Bangalore,RCB   ,2021
841,Zayed Cricket Stadium ,Mumbai Indians,Punjab Kings,MI   ,2021
842,Sharjah Cricket Stadium ,Kolkata Knight Riders,Delhi Capitals,KKR   ,2021
843,Dubai International Stadium ,Sunrisers Hyderabad,Rajasthan Royals,SRH   ,2021
844,Dubai International Stadium ,Royal Challengers Bangalore,Mumbai Indians,RCB   ,2021
845,Zayed Cricket Stadium ,Chennai Super Kings,Kolkata Knight Riders,CSK   ,2021
846,Sharjah Cricket Stadium ,Sunrisers Hyderabad,Punjab Kings,PBKS   ,2021
847,Zayed Cricket Stadium ,Delhi Capitals,Rajasthan Royals,DC   ,2021
848,Sharjah Cricket Stadium ,Royal Challengers Bangalore,Chennai Super Kings,CSK   ,2021
849,Zayed Cricket Stadium ,Mumbai Indians,Kolkata Knight Riders,KKR   ,2021
850,Dubai International Stadium ,Delhi Capitals,Sunrisers Hyderabad,DC   ,2021
851,Dubai International Stadium ,Punjab Kings,Rajasthan Royals,RR   ,2021
852,Zayed Cricket Stadium ,Kolkata Knight Riders,Royal Challengers Bangalore,KKR   ,2021
853,Dubai International Stadium ,Chennai Super Kings,Mumbai Indians,CSK   ,2021
854,Narendra Modi Stadium ,Punjab Kings,Delhi Capitals,DC   ,2021
855,Arun Jaitley Stadium ,Rajasthan Royals,Sunrisers Hyderabad,RR   ,2021
856,Arun Jaitley Stadium ,Mumbai Indians,Chennai Super Kings,MI   ,2021
857,Narendra Modi Stadium ,Punjab Kings,Royal Challengers Bangalore,PBKS   ,2021
858,Narendra Modi Stadium ,Delhi Capitals,Kolkata Knight Riders,DC   ,2021
859,Arun Jaitley Stadium ,Mumbai Indians,Rajasthan Royals,MI   ,2021
860,Arun Jaitley Stadium ,Chennai Super Kings,Sunrisers Hyderabad,CSK   ,2021
861,Narendra Modi Stadium ,Delhi Capitals,Royal Challengers Bangalore,RCB   ,2021
862,Narendra Modi Stadium ,Punjab Kings,Kolkata Knight Riders,KKR   ,2021
863,M. A. Chidambaram Stadium ,Sunrisers Hyderabad,Delhi Capitals,Match Tied ,2021
864,Wankhede Stadium ,Chennai Super Kings,Royal Challengers Bangalore,CSK   ,2021
865,Wankhede Stadium ,Rajasthan Royals,Kolkata Knight Riders,RR   ,2021
866,M. A. Chidambaram Stadium ,Punjab Kings,Mumbai Indians,PBKS   ,2021
867,Wankhede Stadium ,Royal Challengers Bangalore,Rajasthan Royals,RCB   ,2021
868,Wankhede Stadium ,Kolkata Knight Riders,Chennai Super Kings,CSK   ,2021
869,M. A. Chidambaram Stadium ,Punjab Kings,Sunrisers Hyderabad,SRH   ,2021
870,M. A. Chidambaram Stadium ,Delhi Capitals,Mumbai Indians,DC   ,2021
871,Wankhede Stadium ,Chennai Super Kings,Rajasthan Royals,CSK   ,2021
872,Wankhede Stadium ,Delhi Capitals,Punjab Kings,DC   ,2021
873,M. A. Chidambaram Stadium ,Royal Challengers Bangalore,Kolkata Knight Riders,RCB   ,2021
874,M. A. Chidambaram Stadium ,Mumbai Indians,Sunrisers Hyderabad,MI   ,2021
875,Wankhede Stadium ,Punjab Kings,Chennai Super Kings,CSK   ,2021
876,Wankhede Stadium ,Rajasthan Royals,Delhi Capitals,RR   ,2021
877,M. A. Chidambaram Stadium ,Sunrisers Hyderabad,Royal Challengers Bangalore,RCB   ,2021
878,M. A. Chidambaram Stadium ,Kolkata Knight Riders,Mumbai Indians,MI   ,2021
879,Wankhede Stadium ,Rajasthan Royals,Punjab Kings,PBKS   ,2021
880,M. A. Chidambaram Stadium ,Sunrisers Hyderabad,Kolkata Knight Riders,KKR   ,2021
881,Wankhede Stadium ,Chennai Super Kings,Delhi Capitals,DC   ,2021
882,M. A. Chidambaram Stadium ,Mumbai Indians,Royal Challengers Bangalore,RCB   ,2021
883,Narendra Modi Stadium ,Gujarat Titans,Rajasthan Royals,GT   ,2022
884,Narendra Modi Stadium ,Rajasthan Royals,Royal Challengers Bangalore,RR   ,2022
885,Eden Gardens ,Lucknow Super Giants,Royal Challengers Bangalore,RCB   ,2022
886,Eden Gardens ,Gujarat Titans,Rajasthan Royals,GT   ,2022
887,Wankhede Stadium ,Sunrisers Hyderabad,Punjab Kings,PBKS   ,2022
888,Wankhede Stadium ,Mumbai Indians,Delhi Capitals,MI   ,2022
889,Brabourne - CCI ,Rajasthan Royals,Chennai Super Kings,RR   ,2022
890,Wankhede Stadium ,Royal Challengers Bangalore,Gujarat Titans,RCB   ,2022
891,DY Patil Stadium ,Kolkata Knight Riders,Lucknow Super Giants,LSG   ,2022
892,Wankhede Stadium ,Mumbai Indians,Sunrisers Hyderabad,SRH   ,2022
893,DY Patil Stadium ,Punjab Kings,Delhi Capitals,DC   ,2022
894,Brabourne - CCI ,Lucknow Super Giants,Rajasthan Royals,RR   ,2022
895,Wankhede Stadium ,Chennai Super Kings,Gujarat Titans,GT   ,2022
896,Maharashtra Cricket Association Stadium ,Kolkata Knight Riders,Sunrisers Hyderabad,KKR   ,2022
897,Brabourne - CCI ,Royal Challengers Bangalore,Punjab Kings,PBKS   ,2022
898,Wankhede Stadium ,Chennai Super Kings,Mumbai Indians,MI   ,2022
899,DY Patil Stadium ,Rajasthan Royals,Delhi Capitals,DC   ,2022
900,Maharashtra Cricket Association Stadium ,Lucknow Super Giants,Gujarat Titans,GT   ,2022
901,DY Patil Stadium ,Mumbai Indians,Kolkata Knight Riders,KKR   ,2022
902,DY Patil Stadium ,Chennai Super Kings,Delhi Capitals,CSK   ,2022
903,Wankhede Stadium ,Sunrisers Hyderabad,Royal Challengers Bangalore,RCB   ,2022
904,Maharashtra Cricket Association Stadium ,Lucknow Super Giants,Kolkata Knight Riders,LSG   ,2022
905,Wankhede Stadium ,Punjab Kings,Rajasthan Royals,RR   ,2022
906,Brabourne - CCI ,Gujarat Titans,Mumbai Indians,MI   ,2022
907,Brabourne - CCI ,Delhi Capitals,Sunrisers Hyderabad,DC   ,2022
908,Maharashtra Cricket Association Stadium ,Royal Challengers Bangalore,Chennai Super Kings,RCB   ,2022
909,DY Patil Stadium ,Gujarat Titans,Punjab Kings,PBKS   ,2022
910,Wankhede Stadium ,Kolkata Knight Riders,Rajasthan Royals,KKR   ,2022
911,Maharashtra Cricket Association Stadium ,Sunrisers Hyderabad,Chennai Super Kings,CSK   ,2022
912,Wankhede Stadium ,Delhi Capitals,Lucknow Super Giants,LSG   ,2022
913,DY Patil Stadium ,Rajasthan Royals,Mumbai Indians,MI   ,2022
914,Brabourne - CCI ,Gujarat Titans,Royal Challengers Bangalore,GT   ,2022
915,Maharashtra Cricket Association Stadium ,Punjab Kings,Lucknow Super Giants,LSG   ,2022
916,Wankhede Stadium ,Delhi Capitals,Kolkata Knight Riders,DC   ,2022
917,Wankhede Stadium ,Gujarat Titans,Sunrisers Hyderabad,GT   ,2022
918,Maharashtra Cricket Association Stadium ,Royal Challengers Bangalore,Rajasthan Royals,RR   ,2022
919,Wankhede Stadium ,Punjab Kings,Chennai Super Kings,PBKS   ,2022
920,Wankhede Stadium ,Lucknow Super Giants,Mumbai Indians,LSG   ,2022
921,Brabourne - CCI ,Royal Challengers Bangalore,Sunrisers Hyderabad,SRH   ,2022
922,DY Patil Stadium ,Kolkata Knight Riders,Gujarat Titans,GT   ,2022
923,Wankhede Stadium ,Delhi Capitals,Rajasthan Royals,RR   ,2022
924,DY Patil Stadium ,Mumbai Indians,Chennai Super Kings,CSK   ,2022
925,Brabourne - CCI ,Delhi Capitals,Punjab Kings,DC   ,2022
926,DY Patil Stadium ,Lucknow Super Giants,Royal Challengers Bangalore,RCB   ,2022
927,Brabourne - CCI ,Rajasthan Royals,Kolkata Knight Riders,RR   ,2022
928,Maharashtra Cricket Association Stadium ,Gujarat Titans,Chennai Super Kings,GT   ,2022
929,DY Patil Stadium ,Punjab Kings,Sunrisers Hyderabad,SRH   ,2022
930,Wankhede Stadium ,Delhi Capitals,Royal Challengers Bangalore,RCB   ,2022
931,Brabourne - CCI ,Mumbai Indians,Lucknow Super Giants,LSG   ,2022
932,Brabourne - CCI ,Sunrisers Hyderabad,Kolkata Knight Riders,SRH   ,2022
933,DY Patil Stadium ,Rajasthan Royals,Gujarat Titans,GT   ,2022
934,Maharashtra Cricket Association Stadium ,Mumbai Indians,Punjab Kings,PBKS   ,2022
935,DY Patil Stadium ,Chennai Super Kings,Royal Challengers Bangalore,CSK   ,2022
936,DY Patil Stadium ,Sunrisers Hyderabad,Gujarat Titans,SRH   ,2022
937,Wankhede Stadium ,Rajasthan Royals,Lucknow Super Giants,RR   ,2022
938,Brabourne - CCI ,Kolkata Knight Riders,Delhi Capitals,DC   ,2022
939,Maharashtra Cricket Association Stadium ,Royal Challengers Bangalore,Mumbai Indians,RCB   ,2022
940,DY Patil Stadium ,Chennai Super Kings,Sunrisers Hyderabad,SRH   ,2022
941,Brabourne - CCI ,Punjab Kings,Gujarat Titans,GT   ,2022
942,DY Patil Stadium ,Lucknow Super Giants,Delhi Capitals,LSG   ,2022
943,Maharashtra Cricket Association Stadium ,Kolkata Knight Riders,Mumbai Indians,KKR   ,2022
944,Wankhede Stadium ,Rajasthan Royals,Royal Challengers Bangalore,RCB   ,2022
945,DY Patil Stadium ,Sunrisers Hyderabad,Lucknow Super Giants,LSG   ,2022
946,Brabourne - CCI ,Chennai Super Kings,Punjab Kings,PBKS   ,2022
947,Maharashtra Cricket Association Stadium ,Gujarat Titans,Delhi Capitals,GT   ,2022
948,DY Patil Stadium ,Mumbai Indians,Rajasthan Royals,RR   ,2022
949,Wankhede Stadium ,Kolkata Knight Riders,Punjab Kings,KKR   ,2022
950,Brabourne - CCI ,Lucknow Super Giants,Chennai Super Kings,LSG   ,2022
951,DY Patil Stadium ,Royal Challengers Bangalore,Kolkata Knight Riders,RCB   ,2022
952,Maharashtra Cricket Association Stadium ,Sunrisers Hyderabad,Rajasthan Royals,RR   ,2022
953,Wankhede Stadium ,Gujarat Titans,Lucknow Super Giants,GT   ,2022
954,DY Patil Stadium ,Royal Challengers Bangalore,Punjab Kings,PBKS   ,2022
955,Brabourne - CCI ,Delhi Capitals,Mumbai Indians,DC   ,2022
956,Wankhede Stadium ,Chennai Super Kings,Kolkata Knight Riders,KKR   ,2022
957,Narendra Modi Stadium ,Chennai Super Kings,Gujarat Titans,CSK   ,2023
958,Narendra Modi Stadium ,Gujarat Titans,Mumbai Indians,GT   ,2023
959,MA Chidambaram Stadium ,Lucknow Super Giants,Mumbai Indians,MI   ,2023
960,MA Chidambaram Stadium ,Gujarat Titans,Chennai Super Kings,CSK   ,2023
961,M Chinnaswamy Stadium ,Royal Challengers Bangalore,Gujarat Titans,GT   ,2023
962,Wankhede Stadium ,Mumbai Indians,Sunrisers Hyderabad,MI   ,2023
963,Eden Gardens ,Kolkata Knight Riders,Lucknow Super Giants,LSG   ,2023
964,Arun Jaitley Stadium ,Delhi Capitals,Chennai Super Kings,CSK   ,2023
965,Himachal Pradesh Cricket Association Stadium ,Punjab Kings,Rajasthan Royals,RR   ,2023
966,Rajiv Gandhi International Stadium ,Sunrisers Hyderabad,Royal Challengers Bangalore,RCB   ,2023
967,Himachal Pradesh Cricket Association Stadium ,Punjab Kings,Delhi Capitals,DC   ,2023
968,Bharat Ratna Shri Atal Bihari Vajpayee Ekana Cricket Stadium ,Lucknow Super Giants,Mumbai Indians,LSG   ,2023
969,Narendra Modi Stadium ,Gujarat Titans,Sunrisers Hyderabad,GT   ,2023
970,MA Chidambaram Stadium ,Chennai Super Kings,Kolkata Knight Riders,KKR   ,2023
971,Sawai Mansingh Stadium ,Rajasthan Royals,Royal Challengers Bangalore,RCB   ,2023
972,Arun Jaitley Stadium ,Delhi Capitals,Punjab Kings,PBKS   ,2023
973,Rajiv Gandhi International Stadium ,Sunrisers Hyderabad,Lucknow Super Giants,LSG   ,2023
974,Wankhede Stadium ,Mumbai Indians,Gujarat Titans,MI   ,2023
975,Eden Gardens ,Kolkata Knight Riders,Rajasthan Royals,RR   ,2023
976,MA Chidambaram Stadium ,Chennai Super Kings,Delhi Capitals,CSK   ,2023
977,Wankhede Stadium ,Mumbai Indians,Royal Challengers Bangalore,MI   ,2023
978,Eden Gardens ,Kolkata Knight Riders,Punjab Kings,KKR   ,2023
979,Sawai Mansingh Stadium ,Rajasthan Royals,Sunrisers Hyderabad,SRH   ,2023
980,Narendra Modi Stadium ,Gujarat Titans,Lucknow Super Giants,GT   ,2023
981,Arun Jaitley Stadium ,Delhi Capitals,Royal Challengers Bangalore,DC   ,2023
982,MA Chidambaram Stadium ,Chennai Super Kings,Mumbai Indians,CSK   ,2023
983,Sawai Mansingh Stadium ,Rajasthan Royals,Gujarat Titans,GT   ,2023
984,Rajiv Gandhi International Stadium ,Sunrisers Hyderabad,Kolkata Knight Riders,KKR   ,2023
985,Punjab Cricket Association IS Bindra Stadium ,Punjab Kings,Mumbai Indians,MI   ,2023
986,Bharat Ratna Shri Atal Bihari Vajpayee Ekana Cricket Stadium ,Lucknow Super Giants,Chennai Super Kings,No Result,2023
987,Narendra Modi Stadium ,Gujarat Titans,Delhi Capitals,DC   ,2023
988,Bharat Ratna Shri Atal Bihari Vajpayee Ekana Cricket Stadium ,Lucknow Super Giants,Royal Challengers Bangalore,RCB   ,2023
989,Wankhede Stadium ,Mumbai Indians,Rajasthan Royals,MI   ,2023
990,MA Chidambaram Stadium ,Chennai Super Kings,Punjab Kings,PBKS   ,2023
991,Arun Jaitley Stadium ,Delhi Capitals,Sunrisers Hyderabad,SRH   ,2023
992,Eden Gardens ,Kolkata Knight Riders,Gujarat Titans,GT   ,2023
993,Punjab Cricket Association IS Bindra Stadium ,Punjab Kings,Lucknow Super Giants,LSG   ,2023
994,Sawai Mansingh Stadium ,Rajasthan Royals,Chennai Super Kings,RR   ,2023
995,M Chinnaswamy Stadium ,Royal Challengers Bangalore,Kolkata Knight Riders,KKR   ,2023
996,Narendra Modi Stadium ,Gujarat Titans,Mumbai Indians,GT   ,2023
997,Rajiv Gandhi International Stadium ,Sunrisers Hyderabad,Delhi Capitals,DC   ,2023
998,Eden Gardens ,Kolkata Knight Riders,Chennai Super Kings,CSK   ,2023
999,M Chinnaswamy Stadium ,Royal Challengers Bangalore,Rajasthan Royals,RCB   ,2023
1000,Wankhede Stadium ,Mumbai Indians,Punjab Kings,PBKS   ,2023
1001,Bharat Ratna Shri Atal Bihari Vajpayee Ekana Cricket Stadium ,Lucknow Super Giants,Gujarat Titans,GT   ,2023
1002,MA Chidambaram Stadium ,Chennai Super Kings,Sunrisers Hyderabad,CSK   ,2023
1003,Arun Jaitley Stadium ,Delhi Capitals,Kolkata Knight Riders,DC   ,2023
1004,Punjab Cricket Association IS Bindra Stadium ,Punjab Kings,Royal Challengers Bangalore,RCB   ,2023
1005,Sawai Mansingh Stadium ,Rajasthan Royals,Lucknow Super Giants,LSG   ,2023
1006,Rajiv Gandhi International Stadium ,Sunrisers Hyderabad,Mumbai Indians,MI   ,2023
1007,M Chinnaswamy Stadium ,Royal Challengers Bangalore,Chennai Super Kings,CSK   ,2023
1008,Narendra Modi Stadium ,Gujarat Titans,Rajasthan Royals,RR   ,2023
1009,Wankhede Stadium ,Mumbai Indians,Kolkata Knight Riders,MI   ,2023
1010,Bharat Ratna Shri Atal Bihari Vajpayee Ekana Cricket Stadium ,Lucknow Super Giants,Punjab Kings,PBKS   ,2023
1011,M Chinnaswamy Stadium ,Royal Challengers Bangalore,Delhi Capitals,RCB   ,2023
1012,Eden Gardens ,Kolkata Knight Riders,Sunrisers Hyderabad,SRH   ,2023
1013,Punjab Cricket Association IS Bindra Stadium ,Punjab Kings,Gujarat Titans,GT   ,2023
1014,MA Chidambaram Stadium ,Chennai Super Kings,Rajasthan Royals,RR   ,2023
1015,Arun Jaitley Stadium ,Delhi Capitals,Mumbai Indians,MI   ,2023
1016,M Chinnaswamy Stadium ,Royal Challengers Bangalore,Lucknow Super Giants,LSG   ,2023
1017,Rajiv Gandhi International Stadium ,Sunrisers Hyderabad,Punjab Kings,SRH   ,2023
1018,Narendra Modi Stadium ,Gujarat Titans,Kolkata Knight Riders,KKR   ,2023
1019,Wankhede Stadium ,Mumbai Indians,Chennai Super Kings,CSK   ,2023
1020,Barsapara Cricket Stadium ,Rajasthan Royals,Delhi Capitals,RR   ,2023
1021,Bharat Ratna Shri Atal Bihari Vajpayee Ekana Cricket Stadium ,Lucknow Super Giants,Sunrisers Hyderabad,LSG   ,2023
1022,Eden Gardens ,Kolkata Knight Riders,Royal Challengers Bangalore,KKR   ,2023
1023,Barsapara Cricket Stadium ,Rajasthan Royals,Punjab Kings,PBKS   ,2023
1024,Arun Jaitley Stadium ,Delhi Capitals,Gujarat Titans,GT   ,2023
1025,MA Chidambaram Stadium ,Chennai Super Kings,Lucknow Super Giants,CSK   ,2023
1026,M Chinnaswamy Stadium ,Royal Challengers Bangalore,Mumbai Indians,RCB   ,2023
1027,Rajiv Gandhi International Stadium ,Sunrisers Hyderabad,Rajasthan Royals,RR   ,2023
1028,Bharat Ratna Shri Atal Bihari Vajpayee Ekana Cricket Stadium ,Lucknow Super Giants,Delhi Capitals,LSG   ,2023
1029,Punjab Cricket Association IS Bindra Stadium ,Punjab Kings,Kolkata Knight Riders,PBKS   ,2023
1030,Narendra Modi Stadium ,Gujarat Titans,Chennai Super Kings,GT   ,2023
